{
  "Homepage" : {
    "transaction" : "Homepage",
    "sampleCount" : 150,
    "errorCount" : 0,
    "errorPct" : 0.0,
    "meanResTime" : 1474.6733333333332,
    "medianResTime" : 1295.0,
    "minResTime" : 753.0,
    "maxResTime" : 4704.0,
    "pct1ResTime" : 2361.6000000000004,
    "pct2ResTime" : 3219.7999999999993,
    "pct3ResTime" : 4636.680000000001,
    "throughput" : 0.999000999000999,
    "receivedKBytesPerSec" : 96.73436589452214,
    "sentKBytesPerSec" : 0.13365540709290707
  },
  "Yoga Page" : {
    "transaction" : "Yoga Page",
    "sampleCount" : 150,
    "errorCount" : 0,
    "errorPct" : 0.0,
    "meanResTime" : 1089.5333333333333,
    "medianResTime" : 955.5,
    "minResTime" : 624.0,
    "maxResTime" : 4270.0,
    "pct1ResTime" : 1382.2,
    "pct2ResTime" : 2063.399999999998,
    "pct3ResTime" : 4210.840000000001,
    "throughput" : 1.0161087100838628,
    "receivedKBytesPerSec" : 255.68995078011744,
    "sentKBytesPerSec" : 0.1607515732749861
  },
  "Tops Women" : {
    "transaction" : "Tops Women",
    "sampleCount" : 150,
    "errorCount" : 0,
    "errorPct" : 0.0,
    "meanResTime" : 808.7199999999996,
    "medianResTime" : 763.0,
    "minResTime" : 517.0,
    "maxResTime" : 2641.0,
    "pct1ResTime" : 977.6000000000001,
    "pct2ResTime" : 1106.2999999999993,
    "pct3ResTime" : 2166.1900000000087,
    "throughput" : 1.0200612036722205,
    "receivedKBytesPerSec" : 237.82071494602175,
    "sentKBytesPerSec" : 0.1573922560353621
  },
  "Fitness Equipment" : {
    "transaction" : "Fitness Equipment",
    "sampleCount" : 150,
    "errorCount" : 0,
    "errorPct" : 0.0,
    "meanResTime" : 709.7066666666669,
    "medianResTime" : 635.0,
    "minResTime" : 471.0,
    "maxResTime" : 1659.0,
    "pct1ResTime" : 940.9,
    "pct2ResTime" : 1412.049999999999,
    "pct3ResTime" : 1625.8500000000006,
    "throughput" : 1.0255498656529676,
    "receivedKBytesPerSec" : 136.94740889485035,
    "sentKBytesPerSec" : 0.16424822067098307
  },
  "Bags" : {
    "transaction" : "Bags",
    "sampleCount" : 150,
    "errorCount" : 0,
    "errorPct" : 0.0,
    "meanResTime" : 751.7933333333336,
    "medianResTime" : 669.0,
    "minResTime" : 480.0,
    "maxResTime" : 2652.0,
    "pct1ResTime" : 995.6000000000001,
    "pct2ResTime" : 1512.5999999999985,
    "pct3ResTime" : 2232.2700000000077,
    "throughput" : 1.0337128207955455,
    "receivedKBytesPerSec" : 151.33131039682513,
    "sentKBytesPerSec" : 0.15243226166028062
  },
  "Women Bottoms" : {
    "transaction" : "Women Bottoms",
    "sampleCount" : 150,
    "errorCount" : 0,
    "errorPct" : 0.0,
    "meanResTime" : 793.3199999999999,
    "medianResTime" : 727.5,
    "minResTime" : 507.0,
    "maxResTime" : 3232.0,
    "pct1ResTime" : 959.1000000000001,
    "pct2ResTime" : 1135.0999999999995,
    "pct3ResTime" : 2956.600000000005,
    "throughput" : 1.0413557062821517,
    "receivedKBytesPerSec" : 224.4125208054192,
    "sentKBytesPerSec" : 0.1637287780385024
  },
  "Total" : {
    "transaction" : "Total",
    "sampleCount" : 1350,
    "errorCount" : 0,
    "errorPct" : 0.0,
    "meanResTime" : 880.6681481481496,
    "medianResTime" : 757.0,
    "minResTime" : 471.0,
    "maxResTime" : 4704.0,
    "pct1ResTime" : 1311.6000000000004,
    "pct2ResTime" : 1571.3500000000001,
    "pct3ResTime" : 3138.6000000000004,
    "throughput" : 8.674866021513667,
    "receivedKBytesPerSec" : 1558.0840388690222,
    "sentKBytesPerSec" : 1.3159139212322164
  },
  "Watches" : {
    "transaction" : "Watches",
    "sampleCount" : 150,
    "errorCount" : 0,
    "errorPct" : 0.0,
    "meanResTime" : 677.7533333333336,
    "medianResTime" : 608.0,
    "minResTime" : 474.0,
    "maxResTime" : 2497.0,
    "pct1ResTime" : 886.2,
    "pct2ResTime" : 1243.5999999999988,
    "pct3ResTime" : 2065.030000000008,
    "throughput" : 1.0279957509508961,
    "receivedKBytesPerSec" : 118.89276157137718,
    "sentKBytesPerSec" : 0.15460092348284962
  },
  "Men Pants" : {
    "transaction" : "Men Pants",
    "sampleCount" : 150,
    "errorCount" : 0,
    "errorPct" : 0.0,
    "meanResTime" : 836.5999999999998,
    "medianResTime" : 736.0,
    "minResTime" : 532.0,
    "maxResTime" : 3159.0,
    "pct1ResTime" : 1127.6000000000001,
    "pct2ResTime" : 1448.7499999999998,
    "pct3ResTime" : 3138.6000000000004,
    "throughput" : 1.022146507666099,
    "receivedKBytesPerSec" : 217.23378939523,
    "sentKBytesPerSec" : 0.15671582197614992
  },
  "Tops Men" : {
    "transaction" : "Tops Men",
    "sampleCount" : 150,
    "errorCount" : 0,
    "errorPct" : 0.0,
    "meanResTime" : 783.9133333333335,
    "medianResTime" : 728.5,
    "minResTime" : 503.0,
    "maxResTime" : 2438.0,
    "pct1ResTime" : 1000.6000000000001,
    "pct2ResTime" : 1174.9499999999996,
    "pct3ResTime" : 2127.9200000000055,
    "throughput" : 1.0429703796412182,
    "receivedKBytesPerSec" : 220.33388904098874,
    "sentKBytesPerSec" : 0.15685296725073009
  }
}