{
  "ub-exchange student" : {
    "transaction" : "ub-exchange student",
    "sampleCount" : 150,
    "errorCount" : 1,
    "errorPct" : 0.6666667,
    "meanResTime" : 1359.8866666666659,
    "medianResTime" : 1073.5,
    "minResTime" : 1.0,
    "maxResTime" : 6743.0,
    "pct1ResTime" : 2514.7000000000003,
    "pct2ResTime" : 3805.2999999999975,
    "pct3ResTime" : 6390.5900000000065,
    "throughput" : 0.9297136481963555,
    "receivedKBytesPerSec" : 78.69180452576856,
    "sentKBytesPerSec" : 0.1515142711044998
  },
  "ub-transportation" : {
    "transaction" : "ub-transportation",
    "sampleCount" : 150,
    "errorCount" : 3,
    "errorPct" : 2.0,
    "meanResTime" : 1121.366666666667,
    "medianResTime" : 944.5,
    "minResTime" : 101.0,
    "maxResTime" : 4541.0,
    "pct1ResTime" : 2178.8,
    "pct2ResTime" : 3077.6999999999985,
    "pct3ResTime" : 4377.290000000003,
    "throughput" : 0.9412709668107857,
    "receivedKBytesPerSec" : 73.77091092282205,
    "sentKBytesPerSec" : 0.1432312910629459
  },
  "ub homepage" : {
    "transaction" : "ub homepage",
    "sampleCount" : 150,
    "errorCount" : 0,
    "errorPct" : 0.0,
    "meanResTime" : 5107.646666666666,
    "medianResTime" : 4402.0,
    "minResTime" : 1904.0,
    "maxResTime" : 16171.0,
    "pct1ResTime" : 8426.500000000002,
    "pct2ResTime" : 9649.899999999998,
    "pct3ResTime" : 14083.570000000038,
    "throughput" : 0.9630756784868155,
    "receivedKBytesPerSec" : 145.95766163820778,
    "sentKBytesPerSec" : 0.11003892029585685
  },
  "ub-fee and scholarships" : {
    "transaction" : "ub-fee and scholarships",
    "sampleCount" : 150,
    "errorCount" : 0,
    "errorPct" : 0.0,
    "meanResTime" : 1272.1266666666672,
    "medianResTime" : 1012.0,
    "minResTime" : 282.0,
    "maxResTime" : 6672.0,
    "pct1ResTime" : 2360.1000000000004,
    "pct2ResTime" : 3144.699999999999,
    "pct3ResTime" : 5653.020000000019,
    "throughput" : 0.9518249657343012,
    "receivedKBytesPerSec" : 75.38865814294189,
    "sentKBytesPerSec" : 0.134779902374486
  },
  "ub-faculties and schools" : {
    "transaction" : "ub-faculties and schools",
    "sampleCount" : 150,
    "errorCount" : 1,
    "errorPct" : 0.6666667,
    "meanResTime" : 1386.2733333333329,
    "medianResTime" : 1013.5,
    "minResTime" : 0.0,
    "maxResTime" : 4861.0,
    "pct1ResTime" : 2879.2,
    "pct2ResTime" : 3958.2499999999995,
    "pct3ResTime" : 4852.84,
    "throughput" : 0.9509258848365358,
    "receivedKBytesPerSec" : 78.84751794476388,
    "sentKBytesPerSec" : 0.13375490717378485
  },
  "ub-finance" : {
    "transaction" : "ub-finance",
    "sampleCount" : 150,
    "errorCount" : 0,
    "errorPct" : 0.0,
    "meanResTime" : 1262.8333333333337,
    "medianResTime" : 944.0,
    "minResTime" : 259.0,
    "maxResTime" : 10353.0,
    "pct1ResTime" : 2486.7000000000007,
    "pct2ResTime" : 2937.4499999999994,
    "pct3ResTime" : 7562.28000000005,
    "throughput" : 0.9277585353785255,
    "receivedKBytesPerSec" : 73.0932387663904,
    "sentKBytesPerSec" : 0.14043220017936664
  },
  "ub-health center" : {
    "transaction" : "ub-health center",
    "sampleCount" : 150,
    "errorCount" : 0,
    "errorPct" : 0.0,
    "meanResTime" : 1372.6533333333325,
    "medianResTime" : 1022.5,
    "minResTime" : 304.0,
    "maxResTime" : 7516.0,
    "pct1ResTime" : 2967.8,
    "pct2ResTime" : 4137.949999999998,
    "pct3ResTime" : 7260.490000000004,
    "throughput" : 0.9495473824143825,
    "receivedKBytesPerSec" : 78.29185080632399,
    "sentKBytesPerSec" : 0.14651219377096916
  },
  "ub-httc application form" : {
    "transaction" : "ub-httc application form",
    "sampleCount" : 150,
    "errorCount" : 2,
    "errorPct" : 1.3333334,
    "meanResTime" : 1056.0266666666669,
    "medianResTime" : 723.0,
    "minResTime" : 1.0,
    "maxResTime" : 6776.0,
    "pct1ResTime" : 2108.3,
    "pct2ResTime" : 3061.2499999999973,
    "pct3ResTime" : 5848.310000000017,
    "throughput" : 0.9532464396245479,
    "receivedKBytesPerSec" : 58.22540961793883,
    "sentKBytesPerSec" : 0.16808415736192225
  },
  "ub-job opportunities" : {
    "transaction" : "ub-job opportunities",
    "sampleCount" : 150,
    "errorCount" : 1,
    "errorPct" : 0.6666667,
    "meanResTime" : 1600.2533333333338,
    "medianResTime" : 1256.5,
    "minResTime" : 522.0,
    "maxResTime" : 5539.0,
    "pct1ResTime" : 2823.1000000000004,
    "pct2ResTime" : 4189.299999999999,
    "pct3ResTime" : 5169.250000000006,
    "throughput" : 0.9625194910196931,
    "receivedKBytesPerSec" : 86.91563536713701,
    "sentKBytesPerSec" : 0.1437888817769393
  },
  "ub-sports" : {
    "transaction" : "ub-sports",
    "sampleCount" : 150,
    "errorCount" : 0,
    "errorPct" : 0.0,
    "meanResTime" : 1258.9933333333333,
    "medianResTime" : 962.0,
    "minResTime" : 288.0,
    "maxResTime" : 5002.0,
    "pct1ResTime" : 2418.0,
    "pct2ResTime" : 3279.199999999999,
    "pct3ResTime" : 4756.690000000004,
    "throughput" : 0.9286603146301146,
    "receivedKBytesPerSec" : 75.9546192724875,
    "sentKBytesPerSec" : 0.1387549102914136
  },
  "ub-news" : {
    "transaction" : "ub-news",
    "sampleCount" : 150,
    "errorCount" : 2,
    "errorPct" : 1.3333334,
    "meanResTime" : 1462.6866666666665,
    "medianResTime" : 1164.5,
    "minResTime" : 1.0,
    "maxResTime" : 5365.0,
    "pct1ResTime" : 2771.0,
    "pct2ResTime" : 4136.299999999997,
    "pct3ResTime" : 5318.590000000001,
    "throughput" : 0.9317291028691045,
    "receivedKBytesPerSec" : 79.77246811351255,
    "sentKBytesPerSec" : 0.1256863737724469
  },
  "ub-FET" : {
    "transaction" : "ub-FET",
    "sampleCount" : 150,
    "errorCount" : 0,
    "errorPct" : 0.0,
    "meanResTime" : 1434.6533333333327,
    "medianResTime" : 1031.0,
    "minResTime" : 260.0,
    "maxResTime" : 7538.0,
    "pct1ResTime" : 2785.7000000000003,
    "pct2ResTime" : 4005.9499999999975,
    "pct3ResTime" : 7146.320000000007,
    "throughput" : 0.9498179515592844,
    "receivedKBytesPerSec" : 81.90844150704447,
    "sentKBytesPerSec" : 0.17345308295076775
  },
  "Total" : {
    "transaction" : "Total",
    "sampleCount" : 2400,
    "errorCount" : 21,
    "errorPct" : 0.875,
    "meanResTime" : 1569.8795833333354,
    "medianResTime" : 1097.0,
    "minResTime" : 0.0,
    "maxResTime" : 16171.0,
    "pct1ResTime" : 3385.5000000000005,
    "pct2ResTime" : 4423.549999999998,
    "pct3ResTime" : 7474.799999999996,
    "throughput" : 13.67801942278758,
    "receivedKBytesPerSec" : 1166.861952451785,
    "sentKBytesPerSec" : 2.0407164183251267
  },
  "why us" : {
    "transaction" : "why us",
    "sampleCount" : 150,
    "errorCount" : 5,
    "errorPct" : 3.3333333,
    "meanResTime" : 1571.9400000000003,
    "medianResTime" : 1351.0,
    "minResTime" : 1.0,
    "maxResTime" : 5083.0,
    "pct1ResTime" : 2805.7,
    "pct2ResTime" : 3720.8499999999995,
    "pct3ResTime" : 4927.450000000003,
    "throughput" : 0.9711314976789958,
    "receivedKBytesPerSec" : 84.51069539489444,
    "sentKBytesPerSec" : 0.1246791219676419
  },
  "ub-Admission requirements" : {
    "transaction" : "ub-Admission requirements",
    "sampleCount" : 150,
    "errorCount" : 3,
    "errorPct" : 2.0,
    "meanResTime" : 1166.4866666666667,
    "medianResTime" : 892.5,
    "minResTime" : 1.0,
    "maxResTime" : 4367.0,
    "pct1ResTime" : 2535.3,
    "pct2ResTime" : 3032.2999999999997,
    "pct3ResTime" : 4259.390000000002,
    "throughput" : 0.9508776600802541,
    "receivedKBytesPerSec" : 75.03095181070879,
    "sentKBytesPerSec" : 0.15743339696289677
  },
  "ub-announcements" : {
    "transaction" : "ub-announcements",
    "sampleCount" : 150,
    "errorCount" : 1,
    "errorPct" : 0.6666667,
    "meanResTime" : 1316.3400000000004,
    "medianResTime" : 1000.5,
    "minResTime" : 32.0,
    "maxResTime" : 7122.0,
    "pct1ResTime" : 2454.5000000000005,
    "pct2ResTime" : 3723.1499999999965,
    "pct3ResTime" : 5955.630000000021,
    "throughput" : 0.9264177279296417,