{
  "Academic Structure-1" : {
    "transaction" : "Academic Structure-1",
    "sampleCount" : 698,
    "errorCount" : 0,
    "errorPct" : 0.0,
    "meanResTime" : 755.1203438395409,
    "medianResTime" : 881.0,
    "minResTime" : 338.0,
    "maxResTime" : 5454.0,
    "pct1ResTime" : 1089.1,
    "pct2ResTime" : 1370.999999999999,
    "pct3ResTime" : 2041.9599999999991,
    "throughput" : 1.9602611809309838,
    "receivedKBytesPerSec" : 2.7190549743733765,
    "sentKBytesPerSec" : 0.2680044583304079
  },
  "Academic Structure-2" : {
    "transaction" : "Academic Structure-2",
    "sampleCount" : 698,
    "errorCount" : 0,
    "errorPct" : 0.0,
    "meanResTime" : 699.1819484240691,
    "medianResTime" : 639.5,
    "minResTime" : 370.0,
    "maxResTime" : 4370.0,
    "pct1ResTime" : 838.3000000000001,
    "pct2ResTime" : 1134.1999999999998,
    "pct3ResTime" : 1550.7299999999993,
    "throughput" : 1.9620575180815687,
    "receivedKBytesPerSec" : 27.020482884351043,
    "sentKBytesPerSec" : 0.22801254360518228
  },
  "Homepage" : {
    "transaction" : "Homepage",
    "sampleCount" : 700,
    "errorCount" : 0,
    "errorPct" : 0.0,
    "meanResTime" : 1533.645714285715,
    "medianResTime" : 1425.0,
    "minResTime" : 1049.0,
    "maxResTime" : 5356.0,
    "pct1ResTime" : 1930.6999999999998,
    "pct2ResTime" : 2173.7499999999995,
    "pct3ResTime" : 3007.5400000000013,
    "throughput" : 1.9602956125783768,
    "receivedKBytesPerSec" : 31.80126477135252,
    "sentKBytesPerSec" : 0.7102242893228299
  },
  "Academic Structure-0" : {
    "transaction" : "Academic Structure-0",
    "sampleCount" : 698,
    "errorCount" : 0,
    "errorPct" : 0.0,
    "meanResTime" : 585.4699140401138,
    "medianResTime" : 606.0,
    "minResTime" : 322.0,
    "maxResTime" : 3689.0,
    "pct1ResTime" : 754.2000000000003,
    "pct2ResTime" : 1041.199999999999,
    "pct3ResTime" : 1669.169999999998,
    "throughput" : 1.95815495794736,
    "receivedKBytesPerSec" : 2.2194936009291415,
    "sentKBytesPerSec" : 0.2677164981568656
  },
  "CA Results-1" : {
    "transaction" : "CA Results-1",
    "sampleCount" : 699,
    "errorCount" : 0,
    "errorPct" : 0.0,
    "meanResTime" : 452.8483547925606,
    "medianResTime" : 399.0,
    "minResTime" : 333.0,
    "maxResTime" : 3329.0,
    "pct1ResTime" : 529.0,
    "pct2ResTime" : 767.0,
    "pct3ResTime" : 1394.0,
    "throughput" : 1.9663719453016653,
    "receivedKBytesPerSec" : 2.727672957744102,
    "sentKBytesPerSec" : 0.2534776335740428
  },
  "CA Results-2" : {
    "transaction" : "CA Results-2",
    "sampleCount" : 699,
    "errorCount" : 0,
    "errorPct" : 0.0,
    "meanResTime" : 681.8640915593708,
    "medianResTime" : 638.0,
    "minResTime" : 366.0,
    "maxResTime" : 3270.0,
    "pct1ResTime" : 786.0,
    "pct2ResTime" : 1042.0,
    "pct3ResTime" : 1496.0,
    "throughput" : 1.9646254985342602,
    "receivedKBytesPerSec" : 27.055743481813863,
    "sentKBytesPerSec" : 0.22831097102107123
  },
  "Final Results-1" : {
    "transaction" : "Final Results-1",
    "sampleCount" : 698,
    "errorCount" : 0,
    "errorPct" : 0.0,
    "meanResTime" : 442.3939828080229,
    "medianResTime" : 403.5,
    "minResTime" : 335.0,
    "maxResTime" : 1785.0,
    "pct1ResTime" : 540.5000000000001,
    "pct2ResTime" : 699.4999999999995,
    "pct3ResTime" : 1138.07,
    "throughput" : 1.9618589878718888,
    "receivedKBytesPerSec" : 2.7208650413873547,
    "sentKBytesPerSec" : 0.25672764099104795
  },
  "CA Results-0" : {
    "transaction" : "CA Results-0",
    "sampleCount" : 699,
    "errorCount" : 0,
    "errorPct" : 0.0,
    "meanResTime" : 422.6666666666666,
    "medianResTime" : 377.0,
    "minResTime" : 324.0,
    "maxResTime" : 1833.0,
    "pct1ResTime" : 501.0,
    "pct2ResTime" : 691.0,
    "pct3ResTime" : 1154.0,
    "throughput" : 1.9664161994435518,
    "receivedKBytesPerSec" : 2.1509600256984434,
    "sentKBytesPerSec" : 0.2534833382095204
  },
  "Final Results-2" : {
    "transaction" : "Final Results-2",
    "sampleCount" : 698,
    "errorCount" : 0,
    "errorPct" : 0.0,
    "meanResTime" : 682.2736389684816,
    "medianResTime" : 635.0,
    "minResTime" : 367.0,
    "maxResTime" : 3337.0,
    "pct1ResTime" : 784.2,
    "pct2ResTime" : 1057.05,
    "pct3ResTime" : 1533.07,
    "throughput" : 1.9605860410768055,
    "receivedKBytesPerSec" : 27.00030072384387,
    "sentKBytesPerSec" : 0.22784154188294906
  },
  "Login" : {
    "transaction" : "Login",
    "sampleCount" : 700,
    "errorCount" : 1,
    "errorPct" : 0.14285715,
    "meanResTime" : 1102.2057142857152,
    "medianResTime" : 1018.5,
    "minResTime" : 717.0,
    "maxResTime" : 4956.0,
    "pct1ResTime" : 1440.0,
    "pct2ResTime" : 1661.4999999999993,
    "pct3ResTime" : 2170.9700000000003,
    "throughput" : 1.963192936992725,
    "receivedKBytesPerSec" : 28.969486284993913,
    "sentKBytesPerSec" : 0.4368049508220169
  },
  "Login-0" : {
    "transaction" : "Login-0",
    "sampleCount" : 700,
    "errorCount" : 0,
    "errorPct" : 0.0,
    "meanResTime" : 425.79428571428605,
    "medianResTime" : 381.0,
    "minResTime" : 323.0,
    "maxResTime" : 1718.0,
    "pct1ResTime" : 514.9,
    "pct2ResTime" : 738.8999999999985,
    "pct3ResTime" : 1076.8300000000002,
    "throughput" : 1.9669385725083806,
    "receivedKBytesPerSec" : 1.9688100179693888,
    "sentKBytesPerSec" : 0.21897558326753458
  },
  "Login-1" : {
    "transaction" : "Login-1",
    "sampleCount" : 700,
    "errorCount" : 1,
    "errorPct" : 0.14285715,
    "meanResTime" : 676.3214285714281,
    "medianResTime" : 634.5,
    "minResTime" : 1.0,
    "maxResTime" : 4291.0,
    "pct1ResTime" : 803.8999999999997,
    "pct2ResTime" : 1005.9499999999999,
    "pct3ResTime" : 1454.88,
    "throughput" : 1.9654308786037582,
    "receivedKBytesPerSec" : 27.035209158697313,
    "sentKBytesPerSec" : 0.21849515205415604
  },
  "Academic Structure" : {
    "transaction" : "Academic Structure",
    "sampleCount" : 700,
    "errorCount" : 2,
    "errorPct" : 0.2857143,
    "meanResTime" : 2035.688571428572,
    "medianResTime" : 2151.0,
    "minResTime" : 452.0,
    "maxResTime" : 8495.0,
    "pct1ResTime" : 2739.5999999999995,
    "pct2ResTime" : 3152.2499999999964,
    "pct3ResTime" : 5105.610000000001,
    "throughput" : 1.9553345717118953,
    "receivedKBytesPerSec" : 31.776838276372576,
    "sentKBytesPerSec" : 0.7597162233411081
  },
  "Final Results-0" : {
    "transaction" : "Final Results-0",
    "sampleCount" : 698,
    "errorCount" : 0,
    "errorPct" : 0.0,
    "meanResTime" : 425.1819484240686,
    "medianResTime" : 383.0,
    "minResTime" : 325.0,
    "maxResTime" : 1773.0,
    "pct1ResTime" : 520.2,
    "pct2ResTime" : 729.149999999998,
    "pct3ResTime" : 1095.7999999999993,
    "throughput" : 1.9623553887459761,
    "receivedKBytesPerSec" : 2.16539374059939,
    "sentKBytesPerSec" : 0.2567925996991805
  },
  "CA Results" : {
    "transaction" : "CA Results",
    "sampleCount" : 700,
    "errorCount" : 1,
    "errorPct" : 0.14285715,
    "meanResTime" : 1555.3357142857142,
    "medianResTime" : 1419.0,
    "minResTime" : 1.0,
    "maxResTime" : 5351.0,
    "pct1ResTime" : 2004.8,
    "pct2ResTime" : 2283.8999999999996,
    "pct3ResTime" : 4011.3700000000044,
    "throughput" : 1.963490300357916,
    "receivedKBytesPerSec" : 31.871701621176804,
    "sentKBytesPerSec" : 0.7333422610782928
  },
  "Total" : {
    "transaction" : "Total",
    "sampleCount" : 13285,
    "errorCount" : 7,
    "errorPct" : 0.052691005,
    "meanResTime" : 819.0983063605568,
    "medianResTime" : 621.0,
    "minResTime" : 1.0,
    "maxResTime" : 8495.0,
    "pct1ResTime" : 1474.0,
    "pct2ResTime" : 1945.699999999999,
    "pct3ResTime" : 2745.4199999999983,
    "throughput" : 36.57995963400766,
    "receivedKBytesPerSec" : 307.1424867600715,
    "sentKBytesPerSec" : 6.644546555467444
  },
  "Homepage-2" : {
    "transaction" : "Homepage-2",
    "sampleCount" : 700,
    "errorCount" : 0,
    "errorPct" : 0.0,