{
  "Homepage" : {
    "transaction" : "Homepage",
    "sampleCount" : 250,
    "errorCount" : 0,
    "errorPct" : 0.0,
    "meanResTime" : 13043.428000000004,
    "medianResTime" : 1713.5,
    "minResTime" : 931.0,
    "maxResTime" : 95188.0,
    "pct1ResTime" : 61098.100000000006,
    "pct2ResTime" : 69281.5,
    "pct3ResTime" : 92952.53000000001,
    "throughput" : 2.234816655641571,
    "receivedKBytesPerSec" : 216.40090215358106,
    "sentKBytesPerSec" : 0.29899402521767116
  },
  "Yoga Page" : {
    "transaction" : "Yoga Page",
    "sampleCount" : 250,
    "errorCount" : 0,
    "errorPct" : 0.0,
    "meanResTime" : 8408.064,
    "medianResTime" : 1220.0,
    "minResTime" : 690.0,
    "maxResTime" : 95976.0,
    "pct1ResTime" : 18566.300000000054,
    "pct2ResTime" : 69482.84999999999,
    "pct3ResTime" : 93011.86000000002,
    "throughput" : 2.266792398085014,
    "receivedKBytesPerSec" : 570.4068640882281,
    "sentKBytesPerSec" : 0.3586136411032932
  },
  "Tops Women" : {
    "transaction" : "Tops Women",
    "sampleCount" : 250,
    "errorCount" : 0,
    "errorPct" : 0.0,
    "meanResTime" : 2967.036000000001,
    "medianResTime" : 849.5,
    "minResTime" : 527.0,
    "maxResTime" : 95830.0,
    "pct1ResTime" : 2483.9,
    "pct2ResTime" : 9082.349999999988,
    "pct3ResTime" : 62972.410000000054,
    "throughput" : 2.2767426188004296,
    "receivedKBytesPerSec" : 530.8074047923155,
    "sentKBytesPerSec" : 0.35129427126022256
  },
  "Fitness Equipment" : {
    "transaction" : "Fitness Equipment",
    "sampleCount" : 250,
    "errorCount" : 0,
    "errorPct" : 0.0,
    "meanResTime" : 3782.8600000000006,
    "medianResTime" : 969.0,
    "minResTime" : 481.0,
    "maxResTime" : 85650.0,
    "pct1ResTime" : 3613.6000000000004,
    "pct2ResTime" : 14842.949999999999,
    "pct3ResTime" : 76565.95000000008,
    "throughput" : 2.2723347785382524,
    "receivedKBytesPerSec" : 303.43430736963614,
    "sentKBytesPerSec" : 0.363928616875267
  },
  "Bags" : {
    "transaction" : "Bags",
    "sampleCount" : 250,
    "errorCount" : 0,
    "errorPct" : 0.0,
    "meanResTime" : 1388.6760000000004,
    "medianResTime" : 851.5,
    "minResTime" : 503.0,
    "maxResTime" : 30298.0,
    "pct1ResTime" : 1702.9,
    "pct2ResTime" : 2696.3999999999996,
    "pct3ResTime" : 20271.480000000127,
    "throughput" : 2.269797170924806,
    "receivedKBytesPerSec" : 332.2875774852009,
    "sentKBytesPerSec" : 0.33470641875941964
  },
  "Women Bottoms" : {
    "transaction" : "Women Bottoms",
    "sampleCount" : 250,
    "errorCount" : 0,
    "errorPct" : 0.0,
    "meanResTime" : 1612.7799999999997,
    "medianResTime" : 916.5,
    "minResTime" : 510.0,
    "maxResTime" : 65868.0,
    "pct1ResTime" : 1870.0,
    "pct2ResTime" : 3079.8499999999926,
    "pct3ResTime" : 15387.84000000001,
    "throughput" : 2.268829011970342,
    "receivedKBytesPerSec" : 488.9273345116119,
    "sentKBytesPerSec" : 0.35672018645236825
  },
  "Total" : {
    "transaction" : "Total",
    "sampleCount" : 2250,
    "errorCount" : 1,
    "errorPct" : 0.044444446,
    "meanResTime" : 4394.592888888887,
    "medianResTime" : 1007.5,
    "minResTime" : 475.0,
    "maxResTime" : 100337.0,
    "pct1ResTime" : 3284.900000000002,
    "pct2ResTime" : 20248.699999999983,
    "pct3ResTime" : 80380.19999999984,
    "throughput" : 18.94194504310345,
    "receivedKBytesPerSec" : 3406.5868936736006,
    "sentKBytesPerSec" : 2.8733549446895204
  },
  "Watches" : {
    "transaction" : "Watches",
    "sampleCount" : 250,
    "errorCount" : 0,
    "errorPct" : 0.0,
    "meanResTime" : 2452.548000000001,
    "medianResTime" : 824.0,
    "minResTime" : 475.0,
    "maxResTime" : 91848.0,
    "pct1ResTime" : 1971.3000000000002,
    "pct2ResTime" : 2888.8999999999937,
    "pct3ResTime" : 73947.19000000013,
    "throughput" : 2.272500022725,
    "receivedKBytesPerSec" : 262.8255995423185,
    "sentKBytesPerSec" : 0.341762698730127
  },
  "Men Pants" : {
    "transaction" : "Men Pants",
    "sampleCount" : 250,
    "errorCount" : 1,
    "errorPct" : 0.4,
    "meanResTime" : 4475.123999999997,
    "medianResTime" : 848.5,
    "minResTime" : 498.0,
    "maxResTime" : 100337.0,
    "pct1ResTime" : 3145.6000000000013,
    "pct2ResTime" : 34613.25,
    "pct3ResTime" : 85190.5300000001,
    "throughput" : 2.275582093899619,
    "receivedKBytesPerSec" : 488.4379451607471,
    "sentKBytesPerSec" : 0.348892957756094
  },
  "Tops Men" : {
    "transaction" : "Tops Men",
    "sampleCount" : 250,
    "errorCount" : 0,
    "errorPct" : 0.0,
    "meanResTime" : 1420.8200000000002,
    "medianResTime" : 830.0,
    "minResTime" : 535.0,
    "maxResTime" : 67534.0,
    "pct1ResTime" : 1551.4,
    "pct2ResTime" : 2121.3999999999983,
    "pct3ResTime" : 10165.06000000001,
    "throughput" : 2.2880572563447825,
    "receivedKBytesPerSec" : 483.3657879954788,
    "sentKBytesPerSec" : 0.3441023608174771
  }
}