{
  "Homepage" : {
    "transaction" : "Homepage",
    "sampleCount" : 250,
    "errorCount" : 0,
    "errorPct" : 0.0,
    "meanResTime" : 1303.2479999999998,
    "medianResTime" : 1261.0,
    "minResTime" : 760.0,
    "maxResTime" : 2796.0,
    "pct1ResTime" : 1667.7,
    "pct2ResTime" : 1792.9499999999996,
    "pct3ResTime" : 2259.480000000003,
    "throughput" : 1.0009689379319182,
    "receivedKBytesPerSec" : 96.9247489382222,
    "sentKBytesPerSec" : 0.13391869579753202
  },
  "Yoga Page" : {
    "transaction" : "Yoga Page",
    "sampleCount" : 250,
    "errorCount" : 0,
    "errorPct" : 0.0,
    "meanResTime" : 990.7200000000004,
    "medianResTime" : 965.5,
    "minResTime" : 619.0,
    "maxResTime" : 1613.0,
    "pct1ResTime" : 1208.9,
    "pct2ResTime" : 1303.2999999999997,
    "pct3ResTime" : 1559.2000000000007,
    "throughput" : 1.0080401280614177,
    "receivedKBytesPerSec" : 253.66042996439603,
    "sentKBytesPerSec" : 0.1594750983847165
  },
  "Tops Women" : {
    "transaction" : "Tops Women",
    "sampleCount" : 250,
    "errorCount" : 0,
    "errorPct" : 0.0,
    "meanResTime" : 787.6640000000003,
    "medianResTime" : 771.5,
    "minResTime" : 512.0,
    "maxResTime" : 1302.0,
    "pct1ResTime" : 957.8,
    "pct2ResTime" : 986.9,
    "pct3ResTime" : 1211.7600000000002,
    "throughput" : 1.0096604310038446,
    "receivedKBytesPerSec" : 235.39644506134695,
    "sentKBytesPerSec" : 0.15578744931504637
  },
  "Fitness Equipment" : {
    "transaction" : "Fitness Equipment",
    "sampleCount" : 250,
    "errorCount" : 0,
    "errorPct" : 0.0,
    "meanResTime" : 660.9719999999998,
    "medianResTime" : 635.0,
    "minResTime" : 471.0,
    "maxResTime" : 1327.0,
    "pct1ResTime" : 818.8,
    "pct2ResTime" : 877.3499999999999,
    "pct3ResTime" : 1140.5300000000009,
    "throughput" : 1.0113636823347127,
    "receivedKBytesPerSec" : 135.05173425483736,
    "sentKBytesPerSec" : 0.16197621474891885
  },
  "Bags" : {
    "transaction" : "Bags",
    "sampleCount" : 250,
    "errorCount" : 0,
    "errorPct" : 0.0,
    "meanResTime" : 696.7479999999998,
    "medianResTime" : 683.0,
    "minResTime" : 474.0,
    "maxResTime" : 1331.0,
    "pct1ResTime" : 843.4000000000001,
    "pct2ResTime" : 883.05,
    "pct3ResTime" : 1146.0100000000014,
    "throughput" : 1.0112941328759588,
    "receivedKBytesPerSec" : 148.04937637283177,
    "sentKBytesPerSec" : 0.14912638092213845
  },
  "Women Bottoms" : {
    "transaction" : "Women Bottoms",
    "sampleCount" : 250,
    "errorCount" : 0,
    "errorPct" : 0.0,
    "meanResTime" : 764.1200000000003,
    "medianResTime" : 737.5,
    "minResTime" : 507.0,
    "maxResTime" : 1294.0,
    "pct1ResTime" : 944.4000000000001,
    "pct2ResTime" : 985.8,
    "pct3ResTime" : 1220.9300000000005,
    "throughput" : 1.0112532258977907,
    "receivedKBytesPerSec" : 217.9252202888746,
    "sentKBytesPerSec" : 0.1589958685249456
  },
  "Total" : {
    "transaction" : "Total",
    "sampleCount" : 2250,
    "errorCount" : 0,
    "errorPct" : 0.0,
    "meanResTime" : 817.1088888888883,
    "medianResTime" : 752.0,
    "minResTime" : 466.0,
    "maxResTime" : 2796.0,
    "pct1ResTime" : 1150.8000000000002,
    "pct2ResTime" : 1329.8999999999996,
    "pct3ResTime" : 1689.409999999998,
    "throughput" : 8.825294470658838,
    "receivedKBytesPerSec" : 1585.1030959868444,
    "sentKBytesPerSec" : 1.3387328200934303
  },
  "Watches" : {
    "transaction" : "Watches",
    "sampleCount" : 250,
    "errorCount" : 0,
    "errorPct" : 0.0,
    "meanResTime" : 661.2999999999995,
    "medianResTime" : 647.0,
    "minResTime" : 466.0,
    "maxResTime" : 1065.0,
    "pct1ResTime" : 836.3000000000001,
    "pct2ResTime" : 925.1499999999999,
    "pct3ResTime" : 1041.45,
    "throughput" : 1.0114496095804508,
    "receivedKBytesPerSec" : 116.97867121439698,
    "sentKBytesPerSec" : 0.15211253894080998
  },
  "Men Pants" : {
    "transaction" : "Men Pants",
    "sampleCount" : 250,
    "errorCount" : 0,
    "errorPct" : 0.0,
    "meanResTime" : 735.7039999999998,
    "medianResTime" : 713.0,
    "minResTime" : 508.0,
    "maxResTime" : 1302.0,
    "pct1ResTime" : 893.9,
    "pct2ResTime" : 941.25,
    "pct3ResTime" : 1182.7900000000006,
    "throughput" : 1.010468453174892,
    "receivedKBytesPerSec" : 214.75264995351844,
    "sentKBytesPerSec" : 0.15492533901216604
  },
  "Tops Men" : {
    "transaction" : "Tops Men",
    "sampleCount" : 250,
    "errorCount" : 0,
    "errorPct" : 0.0,
    "meanResTime" : 753.5039999999997,
    "medianResTime" : 731.5,
    "minResTime" : 504.0,
    "maxResTime" : 1306.0,
    "pct1ResTime" : 928.7,
    "pct2ResTime" : 999.1999999999998,
    "pct3ResTime" : 1153.7500000000007,
    "throughput" : 1.01240807334694,
    "receivedKBytesPerSec" : 213.87806693206943,
    "sentKBytesPerSec" : 0.15225668290569216
  }
}