{
  "Academic Structure-1" : {
    "transaction" : "Academic Structure-1",
    "sampleCount" : 10,
    "errorCount" : 0,
    "errorPct" : 0.0,
    "meanResTime" : 1064.3999999999999,
    "medianResTime" : 971.5,
    "minResTime" : 897.0,
    "maxResTime" : 1765.0,
    "pct1ResTime" : 1702.6000000000004,
    "pct2ResTime" : 1765.0,
    "pct3ResTime" : 1765.0,
    "throughput" : 0.21962575770886408,
    "receivedKBytesPerSec" : 0.30520259103487657,
    "sentKBytesPerSec" : 0.030026959061758764
  },
  "Academic Structure-2" : {
    "transaction" : "Academic Structure-2",
    "sampleCount" : 10,
    "errorCount" : 0,
    "errorPct" : 0.0,
    "meanResTime" : 672.1,
    "medianResTime" : 664.0,
    "minResTime" : 597.0,
    "maxResTime" : 734.0,
    "pct1ResTime" : 733.9,
    "pct2ResTime" : 734.0,
    "pct3ResTime" : 734.0,
    "throughput" : 0.2247241511045192,
    "receivedKBytesPerSec" : 3.094653461313737,
    "sentKBytesPerSec" : 0.026115404278747836
  },
  "Homepage" : {
    "transaction" : "Homepage",
    "sampleCount" : 10,
    "errorCount" : 0,
    "errorPct" : 0.0,
    "meanResTime" : 1324.1000000000001,
    "medianResTime" : 1339.0,
    "minResTime" : 1098.0,
    "maxResTime" : 1455.0,
    "pct1ResTime" : 1453.3,
    "pct2ResTime" : 1455.0,
    "pct3ResTime" : 1455.0,
    "throughput" : 0.21733460836303573,
    "receivedKBytesPerSec" : 3.5252352647135528,
    "sentKBytesPerSec" : 0.07874134736590455
  },
  "Academic Structure-0" : {
    "transaction" : "Academic Structure-0",
    "sampleCount" : 10,
    "errorCount" : 0,
    "errorPct" : 0.0,
    "meanResTime" : 679.1,
    "medianResTime" : 681.0,
    "minResTime" : 568.0,
    "maxResTime" : 896.0,
    "pct1ResTime" : 878.3000000000001,
    "pct2ResTime" : 896.0,
    "pct3ResTime" : 896.0,
    "throughput" : 0.21980920560953093,
    "receivedKBytesPerSec" : 0.24934606761331166,
    "sentKBytesPerSec" : 0.030052039829428057
  },
  "CA Results-1" : {
    "transaction" : "CA Results-1",
    "sampleCount" : 10,
    "errorCount" : 0,
    "errorPct" : 0.0,
    "meanResTime" : 378.7,
    "medianResTime" : 373.0,
    "minResTime" : 334.0,
    "maxResTime" : 428.0,
    "pct1ResTime" : 427.7,
    "pct2ResTime" : 428.0,
    "pct3ResTime" : 428.0,
    "throughput" : 0.22638775695010416,
    "receivedKBytesPerSec" : 0.31371506553925566,
    "sentKBytesPerSec" : 0.029182796794349364
  },
  "CA Results-2" : {
    "transaction" : "CA Results-2",
    "sampleCount" : 10,
    "errorCount" : 0,
    "errorPct" : 0.0,
    "meanResTime" : 597.6,
    "medianResTime" : 664.0,
    "minResTime" : 380.0,
    "maxResTime" : 717.0,
    "pct1ResTime" : 717.0,
    "pct2ResTime" : 717.0,
    "pct3ResTime" : 717.0,
    "throughput" : 0.22464337863641468,
    "receivedKBytesPerSec" : 3.093497276199034,
    "sentKBytesPerSec" : 0.02610601763450522
  },
  "Final Results-1" : {
    "transaction" : "Final Results-1",
    "sampleCount" : 10,
    "errorCount" : 0,
    "errorPct" : 0.0,
    "meanResTime" : 387.40000000000003,
    "medianResTime" : 373.0,
    "minResTime" : 360.0,
    "maxResTime" : 487.0,
    "pct1ResTime" : 481.40000000000003,
    "pct2ResTime" : 487.0,
    "pct3ResTime" : 487.0,
    "throughput" : 0.22481508958881322,
    "receivedKBytesPerSec" : 0.31215048279040486,
    "sentKBytesPerSec" : 0.029419162114161103
  },
  "CA Results-0" : {
    "transaction" : "CA Results-0",
    "sampleCount" : 10,
    "errorCount" : 0,
    "errorPct" : 0.0,
    "meanResTime" : 348.79999999999995,
    "medianResTime" : 348.5,
    "minResTime" : 328.0,
    "maxResTime" : 381.0,
    "pct1ResTime" : 378.5,
    "pct2ResTime" : 381.0,
    "pct3ResTime" : 381.0,
    "throughput" : 0.22651595804924457,
    "receivedKBytesPerSec" : 0.24761910492219177,
    "sentKBytesPerSec" : 0.029199322717285432
  },
  "Final Results-2" : {
    "transaction" : "Final Results-2",
    "sampleCount" : 10,
    "errorCount" : 0,
    "errorPct" : 0.0,
    "meanResTime" : 587.8,
    "medianResTime" : 621.0,
    "minResTime" : 357.0,
    "maxResTime" : 698.0,
    "pct1ResTime" : 697.0,
    "pct2ResTime" : 698.0,
    "pct3ResTime" : 698.0,
    "throughput" : 0.22347367480110844,
    "receivedKBytesPerSec" : 3.077913398364173,
    "sentKBytesPerSec" : 0.02597008525520694
  },
  "Login" : {
    "transaction" : "Login",
    "sampleCount" : 10,
    "errorCount" : 0,
    "errorPct" : 0.0,
    "meanResTime" : 934.2,
    "medianResTime" : 994.5,
    "minResTime" : 709.0,
    "maxResTime" : 1126.0,
    "pct1ResTime" : 1115.1000000000001,
    "pct2ResTime" : 1126.0,
    "pct3ResTime" : 1126.0,
    "throughput" : 0.22056553001896864,
    "receivedKBytesPerSec" : 3.2585110723896067,
    "sentKBytesPerSec" : 0.049110293793285985
  },
  "Login-0" : {
    "transaction" : "Login-0",
    "sampleCount" : 10,
    "errorCount" : 0,
    "errorPct" : 0.0,
    "meanResTime" : 349.59999999999997,
    "medianResTime" : 353.5,
    "minResTime" : 321.0,
    "maxResTime" : 377.0,
    "pct1ResTime" : 376.7,
    "pct2ResTime" : 377.0,
    "pct3ResTime" : 377.0,
    "throughput" : 0.22364360155655946,
    "receivedKBytesPerSec" : 0.22394936429306259,
    "sentKBytesPerSec" : 0.024897822829538847
  },
  "Login-1" : {
    "transaction" : "Login-1",
    "sampleCount" : 10,
    "errorCount" : 0,
    "errorPct" : 0.0,
    "meanResTime" : 584.3000000000001,
    "medianResTime" : 635.0,
    "minResTime" : 374.0,
    "maxResTime" : 762.0,
    "pct1ResTime" : 753.3000000000001,
    "pct2ResTime" : 762.0,
    "pct3ResTime" : 762.0,
    "throughput" : 0.22230620456616945,
    "receivedKBytesPerSec" : 3.061616680190294,
    "sentKBytesPerSec" : 0.024748932930218084
  },
  "Academic Structure" : {
    "transaction" : "Academic Structure",
    "sampleCount" : 10,
    "errorCount" : 0,
    "errorPct" : 0.0,
    "meanResTime" : 2417.6,
    "medianResTime" : 2296.0,
    "minResTime" : 2210.0,
    "maxResTime" : 3341.0,
    "pct1ResTime" : 3255.1000000000004,
    "pct2ResTime" : 3341.0,
    "pct3ResTime" : 3341.0,
    "throughput" : 0.212021626205873,
    "receivedKBytesPerSec" : 3.4548758348351534,
    "sentKBytesPerSec" : 0.08261389536732747
  },
  "Final Results-0" : {
    "transaction" : "Final Results-0",
    "sampleCount" : 10,
    "errorCount" : 0,
    "errorPct" : 0.0,
    "meanResTime" : 360.7,
    "medianResTime" : 358.5,
    "minResTime" : 333.0,
    "maxResTime" : 408.0,
    "pct1ResTime" : 404.7,
    "pct2ResTime" : 408.0,
    "pct3ResTime" : 408.0,
    "throughput" : 0.22481508958881322,
    "receivedKBytesPerSec" : 0.24791132730828894,
    "sentKBytesPerSec" : 0.029419162114161103
  },
  "CA Results" : {
    "transaction" : "CA Results",
    "sampleCount" : 10,
    "errorCount" : 0,
    "errorPct" : 0.0,
    "meanResTime" : 1325.7,
    "medianResTime" : 1386.5,
    "minResTime" : 1071.0,
    "maxResTime" : 1483.0,
    "pct1ResTime" : 1479.2,
    "pct2ResTime" : 1483.0,
    "pct3ResTime" : 1483.0,
    "throughput" : 0.22105798350907443,
    "receivedKBytesPerSec" : 3.592105881247651,
    "sentKBytesPerSec" : 0.08268086687888233
  },
  "Total" : {
    "transaction" : "Total",
    "sampleCount" : 190,
    "errorCount" : 0,
    "errorPct" : 0.0,
    "meanResTime" : 772.2473684210527,
    "medianResTime" : 630.0,
    "minResTime" : 321.0,
    "maxResTime" : 3341.0,
    "pct1ResTime" : 1433.0,
    "pct2ResTime" : 2215.3999999999996,
    "pct3ResTime" : 2559.310000000003,
    "throughput" : 3.619668133584805,
    "receivedKBytesPerSec" : 30.40617974986188,
    "sentKBytesPerSec" : 0.6578508696728963
  },
  "Homepage-2" : {
    "transaction" : "Homepage-2",
    "sampleCount" : 10,
    "errorCount" : 0,
    "errorPct" : 0.0,
    "meanResTime" : 602.1999999999999,
    "medianResTime" : 635.5,
    "minResTime" : 380.0,
    "maxResTime" : 746.0,
    "pct1ResTime" : 743.5,
    "pct2ResTime" : 746.0,
    "pct3ResTime" : 746.0,
    "throughput" : 0.22092124157737766,
    "receivedKBytesPerSec" : 3.0423271291284655,
    "sentKBytesPerSec" : 0.025673464597371038
  },