{
  "Academic Structure-1" : {
    "transaction" : "Academic Structure-1",
    "sampleCount" : 100,
    "errorCount" : 0,
    "errorPct" : 0.0,
    "meanResTime" : 728.0200000000001,
    "medianResTime" : 702.5,
    "minResTime" : 344.0,
    "maxResTime" : 2529.0,
    "pct1ResTime" : 1007.6,
    "pct2ResTime" : 1207.749999999999,
    "pct3ResTime" : 2528.2499999999995,
    "throughput" : 1.777714570148617,
    "receivedKBytesPerSec" : 2.466092872253431,
    "sentKBytesPerSec" : 0.2430469138875062
  },
  "Academic Structure-2" : {
    "transaction" : "Academic Structure-2",
    "sampleCount" : 100,
    "errorCount" : 0,
    "errorPct" : 0.0,
    "meanResTime" : 716.0699999999998,
    "medianResTime" : 645.0,
    "minResTime" : 401.0,
    "maxResTime" : 2560.0,
    "pct1ResTime" : 738.9,
    "pct2ResTime" : 1774.6499999999971,
    "pct3ResTime" : 2555.969999999998,
    "throughput" : 1.797300454717015,
    "receivedKBytesPerSec" : 24.750512230629592,
    "sentKBytesPerSec" : 0.2088659708118406
  },
  "Homepage" : {
    "transaction" : "Homepage",
    "sampleCount" : 100,
    "errorCount" : 0,
    "errorPct" : 0.0,
    "meanResTime" : 1448.91,
    "medianResTime" : 1400.5,
    "minResTime" : 1048.0,
    "maxResTime" : 2777.0,
    "pct1ResTime" : 1576.8000000000002,
    "pct2ResTime" : 2034.1499999999983,
    "pct3ResTime" : 2774.5399999999986,
    "throughput" : 1.756265477089517,
    "receivedKBytesPerSec" : 28.49314342981085,
    "sentKBytesPerSec" : 0.6363032148439558
  },
  "Academic Structure-0" : {
    "transaction" : "Academic Structure-0",
    "sampleCount" : 100,
    "errorCount" : 0,
    "errorPct" : 0.0,
    "meanResTime" : 522.35,
    "medianResTime" : 535.5,
    "minResTime" : 327.0,
    "maxResTime" : 1264.0,
    "pct1ResTime" : 680.9,
    "pct2ResTime" : 716.4499999999998,
    "pct3ResTime" : 1258.9499999999975,
    "throughput" : 1.7665971805108998,
    "receivedKBytesPerSec" : 2.0024655071900503,
    "sentKBytesPerSec" : 0.2415269582729746
  },
  "CA Results-1" : {
    "transaction" : "CA Results-1",
    "sampleCount" : 100,
    "errorCount" : 0,
    "errorPct" : 0.0,
    "meanResTime" : 402.67999999999995,
    "medianResTime" : 399.5,
    "minResTime" : 341.0,
    "maxResTime" : 681.0,
    "pct1ResTime" : 452.40000000000003,
    "pct2ResTime" : 491.54999999999967,
    "pct3ResTime" : 679.7799999999994,
    "throughput" : 1.808612613264365,
    "receivedKBytesPerSec" : 2.507966373369988,
    "sentKBytesPerSec" : 0.23314146967860955
  },
  "CA Results-2" : {
    "transaction" : "CA Results-2",
    "sampleCount" : 100,
    "errorCount" : 0,
    "errorPct" : 0.0,
    "meanResTime" : 749.8299999999999,
    "medianResTime" : 648.0,
    "minResTime" : 376.0,
    "maxResTime" : 4402.0,
    "pct1ResTime" : 724.1,
    "pct2ResTime" : 1842.4499999999973,
    "pct3ResTime" : 4398.119999999998,
    "throughput" : 1.8022564250441553,
    "receivedKBytesPerSec" : 24.820133400767762,
    "sentKBytesPerSec" : 0.20944190876977978
  },
  "Final Results-1" : {
    "transaction" : "Final Results-1",
    "sampleCount" : 99,
    "errorCount" : 0,
    "errorPct" : 0.0,
    "meanResTime" : 399.32323232323233,
    "medianResTime" : 387.0,
    "minResTime" : 334.0,
    "maxResTime" : 1132.0,
    "pct1ResTime" : 436.0,
    "pct2ResTime" : 473.0,
    "pct3ResTime" : 1132.0,
    "throughput" : 1.7813765182186234,
    "receivedKBytesPerSec" : 2.470408794421952,
    "sentKBytesPerSec" : 0.23310981781376516
  },
  "CA Results-0" : {
    "transaction" : "CA Results-0",
    "sampleCount" : 100,
    "errorCount" : 0,
    "errorPct" : 0.0,
    "meanResTime" : 384.54999999999995,
    "medianResTime" : 378.5,
    "minResTime" : 324.0,
    "maxResTime" : 527.0,
    "pct1ResTime" : 428.6,
    "pct2ResTime" : 448.0,
    "pct3ResTime" : 526.8699999999999,
    "throughput" : 1.8069785511645975,
    "receivedKBytesPerSec" : 1.976241620136969,
    "sentKBytesPerSec" : 0.23293082886106142
  },
  "Final Results-2" : {
    "transaction" : "Final Results-2",
    "sampleCount" : 99,
    "errorCount" : 0,
    "errorPct" : 0.0,
    "meanResTime" : 654.1818181818179,
    "medianResTime" : 636.0,
    "minResTime" : 361.0,
    "maxResTime" : 1806.0,
    "pct1ResTime" : 715.0,
    "pct2ResTime" : 750.0,
    "pct3ResTime" : 1806.0,
    "throughput" : 1.775402603923819,
    "receivedKBytesPerSec" : 24.450349532387648,
    "sentKBytesPerSec" : 0.2063212010419282
  },
  "Login" : {
    "transaction" : "Login",
    "sampleCount" : 100,
    "errorCount" : 0,
    "errorPct" : 0.0,
    "meanResTime" : 1033.1600000000003,
    "medianResTime" : 1005.5,
    "minResTime" : 730.0,
    "maxResTime" : 2182.0,
    "pct1ResTime" : 1208.5000000000002,
    "pct2ResTime" : 1298.4999999999995,
    "pct3ResTime" : 2179.2199999999984,
    "throughput" : 1.773584236383307,
    "receivedKBytesPerSec" : 26.198800918494936,
    "sentKBytesPerSec" : 0.39489961513222066
  },
  "Login-0" : {
    "transaction" : "Login-0",
    "sampleCount" : 100,
    "errorCount" : 0,
    "errorPct" : 0.0,
    "meanResTime" : 385.83999999999986,
    "medianResTime" : 373.0,
    "minResTime" : 337.0,
    "maxResTime" : 634.0,
    "pct1ResTime" : 450.70000000000005,
    "pct2ResTime" : 491.84999999999997,
    "pct3ResTime" : 632.8099999999994,
    "throughput" : 1.793143021087362,
    "receivedKBytesPerSec" : 1.794631469884163,
    "sentKBytesPerSec" : 0.19962725039449147
  },
  "Login-1" : {
    "transaction" : "Login-1",
    "sampleCount" : 100,
    "errorCount" : 0,
    "errorPct" : 0.0,
    "meanResTime" : 647.2,
    "medianResTime" : 624.5,
    "minResTime" : 380.0,
    "maxResTime" : 1772.0,
    "pct1ResTime" : 729.5,
    "pct2ResTime" : 874.1499999999994,
    "pct3ResTime" : 1769.4599999999987,
    "throughput" : 1.7848537312367252,
    "receivedKBytesPerSec" : 24.578934877380547,
    "sentKBytesPerSec" : 0.19870441929783852
  },
  "Academic Structure" : {
    "transaction" : "Academic Structure",
    "sampleCount" : 100,
    "errorCount" : 0,
    "errorPct" : 0.0,
    "meanResTime" : 1967.0800000000002,
    "medianResTime" : 2178.5,
    "minResTime" : 1103.0,
    "maxResTime" : 5215.0,
    "pct1ResTime" : 2426.8,
    "pct2ResTime" : 3513.2999999999984,
    "pct3ResTime" : 5205.429999999995,
    "throughput" : 1.7372873994544917,
    "receivedKBytesPerSec" : 28.30332983704244,
    "sentKBytesPerSec" : 0.676931320685881
  },
  "Final Results-0" : {
    "transaction" : "Final Results-0",
    "sampleCount" : 99,
    "errorCount" : 0,
    "errorPct" : 0.0,
    "meanResTime" : 382.4141414141414,
    "medianResTime" : 375.0,
    "minResTime" : 327.0,
    "maxResTime" : 618.0,
    "pct1ResTime" : 421.0,
    "pct2ResTime" : 480.0,
    "pct3ResTime" : 618.0,
    "throughput" : 1.7851346965271018,
    "receivedKBytesPerSec" : 1.9696598946500055,
    "sentKBytesPerSec" : 0.2336016106783512
  },
  "CA Results" : {
    "transaction" : "CA Results",
    "sampleCount" : 100,
    "errorCount" : 0,
    "errorPct" : 0.0,
    "meanResTime" : 1537.4499999999996,
    "medianResTime" : 1430.0,
    "minResTime" : 1111.0,
    "maxResTime" : 5226.0,
    "pct1ResTime" : 1589.7000000000003,
    "pct2ResTime" : 2639.4999999999977,
    "pct3ResTime" : 5221.279999999998,
    "throughput" : 1.7764198035279697,
    "receivedKBytesPerSec" : 28.87046485575471,
    "sentKBytesPerSec" : 0.6644226413586058
  },
  "Total" : {
    "transaction" : "Total",
    "sampleCount" : 1897,
    "errorCount" : 1,
    "errorPct" : 0.052714814,
    "meanResTime" : 781.0474433315765,
    "medianResTime" : 615.0,
    "minResTime" : 135.0,
    "maxResTime" : 5226.0,
    "pct1ResTime" : 1446.2,
    "pct2ResTime" : 1634.199999999998,
    "pct3ResTime" : 2531.5799999999995,
    "throughput" : 30.289966149326183,
    "receivedKBytesPerSec" : 254.35465978176694,
    "sentKBytesPerSec" : 5.501638893546017
  },
  "Homepage-2" : {
    "transaction" : "Homepage-2",
    "sampleCount" : 100,
    "errorCount" : 0,
    "errorPct" : 0.0,
    "meanResTime" : 652.0699999999997,