{
  "Academic Structure-1" : {
    "transaction" : "Academic Structure-1",
    "sampleCount" : 10,
    "errorCount" : 0,
    "errorPct" : 0.0,
    "meanResTime" : 1099.7,
    "medianResTime" : 1012.5,
    "minResTime" : 915.0,
    "maxResTime" : 1545.0,
    "pct1ResTime" : 1513.5,
    "pct2ResTime" : 1545.0,
    "pct3ResTime" : 1545.0,
    "throughput" : 0.21888064438461707,
    "receivedKBytesPerSec" : 0.3033976432026616,
    "sentKBytesPerSec" : 0.029925088099459367
  },
  "Academic Structure-2" : {
    "transaction" : "Academic Structure-2",
    "sampleCount" : 10,
    "errorCount" : 0,
    "errorPct" : 0.0,
    "meanResTime" : 673.7999999999998,
    "medianResTime" : 650.5,
    "minResTime" : 590.0,
    "maxResTime" : 790.0,
    "pct1ResTime" : 789.8,
    "pct2ResTime" : 790.0,
    "pct3ResTime" : 790.0,
    "throughput" : 0.22355360815523562,
    "receivedKBytesPerSec" : 3.078403044800143,
    "sentKBytesPerSec" : 0.02597937438522758
  },
  "Homepage" : {
    "transaction" : "Homepage",
    "sampleCount" : 10,
    "errorCount" : 0,
    "errorPct" : 0.0,
    "meanResTime" : 1234.2,
    "medianResTime" : 1121.0,
    "minResTime" : 965.0,
    "maxResTime" : 1735.0,
    "pct1ResTime" : 1729.0,
    "pct2ResTime" : 1735.0,
    "pct3ResTime" : 1735.0,
    "throughput" : 0.22459796963435452,
    "receivedKBytesPerSec" : 3.643312455080406,
    "sentKBytesPerSec" : 0.0813728972015093
  },
  "Academic Structure-0" : {
    "transaction" : "Academic Structure-0",
    "sampleCount" : 10,
    "errorCount" : 0,
    "errorPct" : 0.0,
    "meanResTime" : 761.4,
    "medianResTime" : 701.5,
    "minResTime" : 611.0,
    "maxResTime" : 1350.0,
    "pct1ResTime" : 1295.5000000000002,
    "pct2ResTime" : 1350.0,
    "pct3ResTime" : 1350.0,
    "throughput" : 0.2198865385461102,
    "receivedKBytesPerSec" : 0.2493049523945644,
    "sentKBytesPerSec" : 0.030062612691851003
  },
  "CA Results-1" : {
    "transaction" : "CA Results-1",
    "sampleCount" : 10,
    "errorCount" : 0,
    "errorPct" : 0.0,
    "meanResTime" : 379.7,
    "medianResTime" : 359.5,
    "minResTime" : 343.0,
    "maxResTime" : 509.0,
    "pct1ResTime" : 500.20000000000005,
    "pct2ResTime" : 509.0,
    "pct3ResTime" : 509.0,
    "throughput" : 0.22483025315886504,
    "receivedKBytesPerSec" : 0.31186415194028505,
    "sentKBytesPerSec" : 0.028982024821259948
  },
  "CA Results-2" : {
    "transaction" : "CA Results-2",
    "sampleCount" : 10,
    "errorCount" : 0,
    "errorPct" : 0.0,
    "meanResTime" : 521.5,
    "medianResTime" : 454.0,
    "minResTime" : 335.0,
    "maxResTime" : 807.0,
    "pct1ResTime" : 797.6,
    "pct2ResTime" : 807.0,
    "pct3ResTime" : 807.0,
    "throughput" : 0.22429571146599678,
    "receivedKBytesPerSec" : 3.0890601168580654,
    "sentKBytesPerSec" : 0.026065614906692982
  },
  "Final Results-1" : {
    "transaction" : "Final Results-1",
    "sampleCount" : 10,
    "errorCount" : 0,
    "errorPct" : 0.0,
    "meanResTime" : 389.7,
    "medianResTime" : 383.0,
    "minResTime" : 313.0,
    "maxResTime" : 573.0,
    "pct1ResTime" : 556.6,
    "pct2ResTime" : 573.0,
    "pct3ResTime" : 573.0,
    "throughput" : 0.22613178960698296,
    "receivedKBytesPerSec" : 0.3139345235403193,
    "sentKBytesPerSec" : 0.029591464655601283
  },
  "CA Results-0" : {
    "transaction" : "CA Results-0",
    "sampleCount" : 10,
    "errorCount" : 0,
    "errorPct" : 0.0,
    "meanResTime" : 440.8,
    "medianResTime" : 348.5,
    "minResTime" : 305.0,
    "maxResTime" : 1192.0,
    "pct1ResTime" : 1114.0000000000002,
    "pct2ResTime" : 1192.0,
    "pct3ResTime" : 1192.0,
    "throughput" : 0.22496175650139477,
    "receivedKBytesPerSec" : 0.24644736176100063,
    "sentKBytesPerSec" : 0.02899897642400792
  },
  "Final Results-2" : {
    "transaction" : "Final Results-2",
    "sampleCount" : 10,
    "errorCount" : 0,
    "errorPct" : 0.0,
    "meanResTime" : 499.70000000000005,
    "medianResTime" : 408.0,
    "minResTime" : 355.0,
    "maxResTime" : 824.0,
    "pct1ResTime" : 812.7,
    "pct2ResTime" : 824.0,
    "pct3ResTime" : 824.0,
    "throughput" : 0.22721076070162685,
    "receivedKBytesPerSec" : 3.1289850637326184,
    "sentKBytesPerSec" : 0.026404375511224213
  },
  "Login" : {
    "transaction" : "Login",
    "sampleCount" : 10,
    "errorCount" : 0,
    "errorPct" : 0.0,
    "meanResTime" : 854.9,
    "medianResTime" : 787.5,
    "minResTime" : 687.0,
    "maxResTime" : 1130.0,
    "pct1ResTime" : 1129.9,
    "pct2ResTime" : 1130.0,
    "pct3ResTime" : 1130.0,
    "throughput" : 0.22570306504762336,
    "receivedKBytesPerSec" : 3.334013381370469,
    "sentKBytesPerSec" : 0.05025419807700989
  },
  "Login-0" : {
    "transaction" : "Login-0",
    "sampleCount" : 10,
    "errorCount" : 0,
    "errorPct" : 0.0,
    "meanResTime" : 362.29999999999995,
    "medianResTime" : 368.0,
    "minResTime" : 310.0,
    "maxResTime" : 410.0,
    "pct1ResTime" : 409.7,
    "pct2ResTime" : 410.0,
    "pct3ResTime" : 410.0,
    "throughput" : 0.22764005554417355,
    "receivedKBytesPerSec" : 0.22781789933756744,
    "sentKBytesPerSec" : 0.025342740558628694
  },
  "Login-1" : {
    "transaction" : "Login-1",
    "sampleCount" : 10,
    "errorCount" : 0,
    "errorPct" : 0.0,
    "meanResTime" : 492.29999999999995,
    "medianResTime" : 412.0,
    "minResTime" : 375.0,
    "maxResTime" : 755.0,
    "pct1ResTime" : 751.5,
    "pct2ResTime" : 755.0,
    "pct3ResTime" : 755.0,
    "throughput" : 0.22779562176814963,
    "receivedKBytesPerSec" : 3.1369503718763525,
    "sentKBytesPerSec" : 0.02536005945465728
  },
  "Academic Structure" : {
    "transaction" : "Academic Structure",
    "sampleCount" : 10,
    "errorCount" : 0,
    "errorPct" : 0.0,
    "meanResTime" : 2538.2,
    "medianResTime" : 2505.5,
    "minResTime" : 2182.0,
    "maxResTime" : 2990.0,
    "pct1ResTime" : 2977.9,
    "pct2ResTime" : 2990.0,
    "pct3ResTime" : 2990.0,
    "throughput" : 0.21283841307679208,
    "receivedKBytesPerSec" : 3.467187633024008,
    "sentKBytesPerSec" : 0.08293215509535161
  },
  "Final Results-0" : {
    "transaction" : "Final Results-0",
    "sampleCount" : 10,
    "errorCount" : 0,
    "errorPct" : 0.0,
    "meanResTime" : 362.8,
    "medianResTime" : 349.0,
    "minResTime" : 307.0,
    "maxResTime" : 414.0,
    "pct1ResTime" : 413.5,
    "pct2ResTime" : 414.0,
    "pct3ResTime" : 414.0,
    "throughput" : 0.22604489251565363,
    "receivedKBytesPerSec" : 0.2495765190216777,
    "sentKBytesPerSec" : 0.02958009335654061
  },
  "CA Results" : {
    "transaction" : "CA Results",
    "sampleCount" : 10,
    "errorCount" : 0,
    "errorPct" : 0.0,
    "meanResTime" : 1342.4,
    "medianResTime" : 1244.5,
    "minResTime" : 1041.0,
    "maxResTime" : 2420.0,
    "pct1ResTime" : 2325.0000000000005,
    "pct2ResTime" : 2420.0,
    "pct3ResTime" : 2420.0,
    "throughput" : 0.22097005855706553,
    "receivedKBytesPerSec" : 3.5918424069163626,
    "sentKBytesPerSec" : 0.08264798088608993
  },
  "Total" : {
    "transaction" : "Total",
    "sampleCount" : 190,
    "errorCount" : 0,
    "errorPct" : 0.0,
    "meanResTime" : 759.9894736842108,
    "medianResTime" : 541.0,
    "minResTime" : 293.0,
    "maxResTime" : 2990.0,
    "pct1ResTime" : 1348.4,
    "pct2ResTime" : 2291.0999999999995,
    "pct3ResTime" : 2879.8900000000003,
    "throughput" : 3.7344969239538495,
    "receivedKBytesPerSec" : 31.370541944297027,
    "sentKBytesPerSec" : 0.6787202468699018
  },
  "Homepage-2" : {
    "transaction" : "Homepage-2",
    "sampleCount" : 10,
    "errorCount" : 0,
    "errorPct" : 0.0,
    "meanResTime" : 492.7,
    "medianResTime" : 392.5,
    "minResTime" : 336.0,
    "maxResTime" : 854.0,
    "pct1ResTime" : 850.8,
    "pct2ResTime" : 854.0,
    "pct3ResTime" : 854.0,
    "throughput" : 0.2284252364201197,
    "receivedKBytesPerSec" : 3.145977645735301,
    "sentKBytesPerSec" : 0.026545510873041255
  },
  "Final Results" : {
    "transaction" : "Final Results",
    "sampleCount" : 10,