{
  "Academic Structure-1" : {
    "transaction" : "Academic Structure-1",
    "sampleCount" : 10,
    "errorCount" : 0,
    "errorPct" : 0.0,
    "meanResTime" : 1050.7,
    "medianResTime" : 996.0,
    "minResTime" : 756.0,
    "maxResTime" : 1595.0,
    "pct1ResTime" : 1565.8000000000002,
    "pct2ResTime" : 1595.0,
    "pct3ResTime" : 1595.0,
    "throughput" : 0.21954860806182488,
    "receivedKBytesPerSec" : 0.30475233544831826,
    "sentKBytesPerSec" : 0.03001641125845262
  },
  "Academic Structure-2" : {
    "transaction" : "Academic Structure-2",
    "sampleCount" : 10,
    "errorCount" : 0,
    "errorPct" : 0.0,
    "meanResTime" : 664.4,
    "medianResTime" : 676.0,
    "minResTime" : 570.0,
    "maxResTime" : 740.0,
    "pct1ResTime" : 739.6,
    "pct2ResTime" : 740.0,
    "pct3ResTime" : 740.0,
    "throughput" : 0.22404445041896312,
    "receivedKBytesPerSec" : 3.085818476385715,
    "sentKBytesPerSec" : 0.026036415624859973
  },
  "Homepage" : {
    "transaction" : "Homepage",
    "sampleCount" : 10,
    "errorCount" : 0,
    "errorPct" : 0.0,
    "meanResTime" : 1207.8,
    "medianResTime" : 1221.5,
    "minResTime" : 978.0,
    "maxResTime" : 1424.0,
    "pct1ResTime" : 1410.9,
    "pct2ResTime" : 1424.0,
    "pct3ResTime" : 1424.0,
    "throughput" : 0.22208403659944925,
    "receivedKBytesPerSec" : 3.603617124344852,
    "sentKBytesPerSec" : 0.08046208747890202
  },
  "Academic Structure-0" : {
    "transaction" : "Academic Structure-0",
    "sampleCount" : 10,
    "errorCount" : 0,
    "errorPct" : 0.0,
    "meanResTime" : 683.5999999999999,
    "medianResTime" : 671.0,
    "minResTime" : 536.0,
    "maxResTime" : 1021.0,
    "pct1ResTime" : 992.1000000000001,
    "pct2ResTime" : 1021.0,
    "pct3ResTime" : 1021.0,
    "throughput" : 0.21965952773201539,
    "receivedKBytesPerSec" : 0.2492191790225151,
    "sentKBytesPerSec" : 0.03003157605711148
  },
  "CA Results-1" : {
    "transaction" : "CA Results-1",
    "sampleCount" : 10,
    "errorCount" : 0,
    "errorPct" : 0.0,
    "meanResTime" : 360.90000000000003,
    "medianResTime" : 369.5,
    "minResTime" : 314.0,
    "maxResTime" : 392.0,
    "pct1ResTime" : 390.6,
    "pct2ResTime" : 392.0,
    "pct3ResTime" : 392.0,
    "throughput" : 0.22570306504762336,
    "receivedKBytesPerSec" : 0.31285442434433264,
    "sentKBytesPerSec" : 0.0290945357287952
  },
  "CA Results-2" : {
    "transaction" : "CA Results-2",
    "sampleCount" : 10,
    "errorCount" : 0,
    "errorPct" : 0.0,
    "meanResTime" : 513.6,
    "medianResTime" : 456.5,
    "minResTime" : 340.0,
    "maxResTime" : 799.0,
    "pct1ResTime" : 791.7,
    "pct2ResTime" : 799.0,
    "pct3ResTime" : 799.0,
    "throughput" : 0.2251187501406992,
    "receivedKBytesPerSec" : 3.0999115705409603,
    "sentKBytesPerSec" : 0.026161261002678914
  },
  "Final Results-1" : {
    "transaction" : "Final Results-1",
    "sampleCount" : 10,
    "errorCount" : 0,
    "errorPct" : 0.0,
    "meanResTime" : 373.5,
    "medianResTime" : 380.0,
    "minResTime" : 309.0,
    "maxResTime" : 447.0,
    "pct1ResTime" : 441.40000000000003,
    "pct2ResTime" : 447.0,
    "pct3ResTime" : 447.0,
    "throughput" : 0.22558087074216107,
    "receivedKBytesPerSec" : 0.3125088117527634,
    "sentKBytesPerSec" : 0.029519371757274985
  },
  "CA Results-0" : {
    "transaction" : "CA Results-0",
    "sampleCount" : 10,
    "errorCount" : 0,
    "errorPct" : 0.0,
    "meanResTime" : 352.5,
    "medianResTime" : 360.0,
    "minResTime" : 308.0,
    "maxResTime" : 381.0,
    "pct1ResTime" : 379.7,
    "pct2ResTime" : 381.0,
    "pct3ResTime" : 381.0,
    "throughput" : 0.22586109542631283,
    "receivedKBytesPerSec" : 0.24721202710333146,
    "sentKBytesPerSec" : 0.029114906832298136
  },
  "Final Results-2" : {
    "transaction" : "Final Results-2",
    "sampleCount" : 10,
    "errorCount" : 0,
    "errorPct" : 0.0,
    "meanResTime" : 456.09999999999997,
    "medianResTime" : 402.0,
    "minResTime" : 344.0,
    "maxResTime" : 627.0,
    "pct1ResTime" : 623.0,
    "pct2ResTime" : 627.0,
    "pct3ResTime" : 627.0,
    "throughput" : 0.22581519284617468,
    "receivedKBytesPerSec" : 3.1098545044485593,
    "sentKBytesPerSec" : 0.026242195262397256
  },
  "Login" : {
    "transaction" : "Login",
    "sampleCount" : 10,
    "errorCount" : 0,
    "errorPct" : 0.0,
    "meanResTime" : 791.3999999999999,
    "medianResTime" : 759.0,
    "minResTime" : 638.0,
    "maxResTime" : 978.0,
    "pct1ResTime" : 972.3000000000001,
    "pct2ResTime" : 978.0,
    "pct3ResTime" : 978.0,
    "throughput" : 0.22392404496394822,
    "receivedKBytesPerSec" : 3.3080841478570466,
    "sentKBytesPerSec" : 0.049858088136504095
  },
  "Login-0" : {
    "transaction" : "Login-0",
    "sampleCount" : 10,
    "errorCount" : 0,
    "errorPct" : 0.0,
    "meanResTime" : 344.20000000000005,
    "medianResTime" : 344.5,
    "minResTime" : 305.0,
    "maxResTime" : 374.0,
    "pct1ResTime" : 373.1,
    "pct2ResTime" : 374.0,
    "pct3ResTime" : 374.0,
    "throughput" : 0.22595806218365871,
    "receivedKBytesPerSec" : 0.22626698922180044,
    "sentKBytesPerSec" : 0.02515548739154013
  },
  "Login-1" : {
    "transaction" : "Login-1",
    "sampleCount" : 10,
    "errorCount" : 0,
    "errorPct" : 0.0,
    "meanResTime" : 446.70000000000005,
    "medianResTime" : 396.5,
    "minResTime" : 332.0,
    "maxResTime" : 639.0,
    "pct1ResTime" : 634.3000000000001,
    "pct2ResTime" : 639.0,
    "pct3ResTime" : 639.0,
    "throughput" : 0.22574892204889724,
    "receivedKBytesPerSec" : 3.1089859358421568,
    "sentKBytesPerSec" : 0.025132204212474887
  },
  "Academic Structure" : {
    "transaction" : "Academic Structure",
    "sampleCount" : 10,
    "errorCount" : 0,
    "errorPct" : 0.0,
    "meanResTime" : 2401.0,
    "medianResTime" : 2386.0,
    "minResTime" : 1983.0,
    "maxResTime" : 3357.0,
    "pct1ResTime" : 3284.7000000000003,
    "pct2ResTime" : 3357.0,
    "pct3ResTime" : 3357.0,
    "throughput" : 0.21161781822029416,
    "receivedKBytesPerSec" : 3.4485024732832503,
    "sentKBytesPerSec" : 0.08245655221669664
  },
  "Final Results-0" : {
    "transaction" : "Final Results-0",
    "sampleCount" : 10,
    "errorCount" : 0,
    "errorPct" : 0.0,
    "meanResTime" : 351.1,
    "medianResTime" : 363.0,
    "minResTime" : 299.0,
    "maxResTime" : 407.0,
    "pct1ResTime" : 404.9,
    "pct2ResTime" : 407.0,
    "pct3ResTime" : 407.0,
    "throughput" : 0.22567759698494733,
    "receivedKBytesPerSec" : 0.24890652151835888,
    "sentKBytesPerSec" : 0.029532029292952088
  },
  "CA Results" : {
    "transaction" : "CA Results",
    "sampleCount" : 10,
    "errorCount" : 0,
    "errorPct" : 0.0,
    "meanResTime" : 1227.7,
    "medianResTime" : 1187.5,
    "minResTime" : 991.0,
    "maxResTime" : 1535.0,
    "pct1ResTime" : 1527.6,
    "pct2ResTime" : 1535.0,
    "pct3ResTime" : 1535.0,
    "throughput" : 0.22144960914143988,
    "receivedKBytesPerSec" : 3.5987291560555397,
    "sentKBytesPerSec" : 0.08282734404411277
  },
  "Total" : {
    "transaction" : "Total",
    "sampleCount" : 190,
    "errorCount" : 0,
    "errorPct" : 0.0,
    "meanResTime" : 716.5105263157898,
    "medianResTime" : 489.5,
    "minResTime" : 298.0,
    "maxResTime" : 3357.0,
    "pct1ResTime" : 1290.0000000000002,
    "pct2ResTime" : 2005.9499999999994,
    "pct3ResTime" : 2699.0700000000024,
    "throughput" : 3.682313267956122,
    "receivedKBytesPerSec" : 30.93385402534982,
    "sentKBytesPerSec" : 0.6692362107058413
  },
  "Homepage-2" : {
    "transaction" : "Homepage-2",
    "sampleCount" : 10,
    "errorCount" : 0,
    "errorPct" : 0.0,
    "meanResTime" : 487.7,
    "medianResTime" : 464.0,
    "minResTime" : 350.0,
    "maxResTime" : 670.0,
    "pct1ResTime" : 664.4,
    "pct2ResTime" : 670.0,
    "pct3ResTime" : 670.0,
    "throughput" : 0.22603467371894848,
    "receivedKBytesPerSec" : 3.113362746095251,
    "sentKBytesPerSec" : 0.026267701340385616
  },