{
  "Academic Structure-1" : {
    "transaction" : "Academic Structure-1",
    "sampleCount" : 10,
    "errorCount" : 0,
    "errorPct" : 0.0,
    "meanResTime" : 1009.4,
    "medianResTime" : 947.0,
    "minResTime" : 852.0,
    "maxResTime" : 1482.0,
    "pct1ResTime" : 1452.1000000000001,
    "pct2ResTime" : 1482.0,
    "pct3ResTime" : 1482.0,
    "throughput" : 0.2192357441957337,
    "receivedKBytesPerSec" : 0.3044893314405981,
    "sentKBytesPerSec" : 0.029973636901760463
  },
  "Academic Structure-2" : {
    "transaction" : "Academic Structure-2",
    "sampleCount" : 10,
    "errorCount" : 0,
    "errorPct" : 0.0,
    "meanResTime" : 639.6,
    "medianResTime" : 654.5,
    "minResTime" : 543.0,
    "maxResTime" : 744.0,
    "pct1ResTime" : 743.5,
    "pct2ResTime" : 744.0,
    "pct3ResTime" : 744.0,
    "throughput" : 0.22286605749944285,
    "receivedKBytesPerSec" : 3.0692399570982842,
    "sentKBytesPerSec" : 0.02589947347893916
  },
  "Homepage" : {
    "transaction" : "Homepage",
    "sampleCount" : 10,
    "errorCount" : 0,
    "errorPct" : 0.0,
    "meanResTime" : 1185.1,
    "medianResTime" : 1117.5,
    "minResTime" : 967.0,
    "maxResTime" : 1538.0,
    "pct1ResTime" : 1521.8000000000002,
    "pct2ResTime" : 1538.0,
    "pct3ResTime" : 1538.0,
    "throughput" : 0.21220609455903572,
    "receivedKBytesPerSec" : 3.442380740174858,
    "sentKBytesPerSec" : 0.0768832627748069
  },
  "Academic Structure-0" : {
    "transaction" : "Academic Structure-0",
    "sampleCount" : 10,
    "errorCount" : 0,
    "errorPct" : 0.0,
    "meanResTime" : 623.5,
    "medianResTime" : 616.5,
    "minResTime" : 526.0,
    "maxResTime" : 747.0,
    "pct1ResTime" : 743.8,
    "pct2ResTime" : 747.0,
    "pct3ResTime" : 747.0,
    "throughput" : 0.2201867183371499,
    "receivedKBytesPerSec" : 0.2498603190505549,
    "sentKBytesPerSec" : 0.030103652897657214
  },
  "CA Results-1" : {
    "transaction" : "CA Results-1",
    "sampleCount" : 10,
    "errorCount" : 0,
    "errorPct" : 0.0,
    "meanResTime" : 347.4,
    "medianResTime" : 338.0,
    "minResTime" : 313.0,
    "maxResTime" : 387.0,
    "pct1ResTime" : 386.5,
    "pct2ResTime" : 387.0,
    "pct3ResTime" : 387.0,
    "throughput" : 0.22384885725158374,
    "receivedKBytesPerSec" : 0.3099344822375932,
    "sentKBytesPerSec" : 0.028855516755086963
  },
  "CA Results-2" : {
    "transaction" : "CA Results-2",
    "sampleCount" : 10,
    "errorCount" : 0,
    "errorPct" : 0.0,
    "meanResTime" : 482.5,
    "medianResTime" : 378.0,
    "minResTime" : 332.0,
    "maxResTime" : 764.0,
    "pct1ResTime" : 759.6,
    "pct2ResTime" : 764.0,
    "pct3ResTime" : 764.0,
    "throughput" : 0.221724573734507,
    "receivedKBytesPerSec" : 3.053693030642336,
    "sentKBytesPerSec" : 0.025766820580474935
  },
  "Final Results-1" : {
    "transaction" : "Final Results-1",
    "sampleCount" : 10,
    "errorCount" : 0,
    "errorPct" : 0.0,
    "meanResTime" : 363.2,
    "medianResTime" : 360.0,
    "minResTime" : 320.0,
    "maxResTime" : 465.0,
    "pct1ResTime" : 456.40000000000003,
    "pct2ResTime" : 465.0,
    "pct3ResTime" : 465.0,
    "throughput" : 0.22125362302807708,
    "receivedKBytesPerSec" : 0.3067301203619709,
    "sentKBytesPerSec" : 0.028953110825939772
  },
  "CA Results-0" : {
    "transaction" : "CA Results-0",
    "sampleCount" : 10,
    "errorCount" : 0,
    "errorPct" : 0.0,
    "meanResTime" : 333.9,
    "medianResTime" : 330.0,
    "minResTime" : 309.0,
    "maxResTime" : 363.0,
    "pct1ResTime" : 362.7,
    "pct2ResTime" : 363.0,
    "pct3ResTime" : 363.0,
    "throughput" : 0.2239942657467969,
    "receivedKBytesPerSec" : 0.24525622144073111,
    "sentKBytesPerSec" : 0.028874260818923036
  },
  "Final Results-2" : {
    "transaction" : "Final Results-2",
    "sampleCount" : 10,
    "errorCount" : 0,
    "errorPct" : 0.0,
    "meanResTime" : 478.4,
    "medianResTime" : 395.0,
    "minResTime" : 331.0,
    "maxResTime" : 716.0,
    "pct1ResTime" : 711.9,
    "pct2ResTime" : 716.0,
    "pct3ResTime" : 716.0,
    "throughput" : 0.21962093426745438,
    "receivedKBytesPerSec" : 3.0245920541145983,
    "sentKBytesPerSec" : 0.025522354665846746
  },
  "Login" : {
    "transaction" : "Login",
    "sampleCount" : 10,
    "errorCount" : 0,
    "errorPct" : 0.0,
    "meanResTime" : 828.3999999999999,
    "medianResTime" : 741.0,
    "minResTime" : 677.0,
    "maxResTime" : 1087.0,
    "pct1ResTime" : 1081.7,
    "pct2ResTime" : 1087.0,
    "pct3ResTime" : 1087.0,
    "throughput" : 0.2161507867888639,
    "receivedKBytesPerSec" : 3.1929946205472937,
    "sentKBytesPerSec" : 0.04812732362095798
  },
  "Login-0" : {
    "transaction" : "Login-0",
    "sampleCount" : 10,
    "errorCount" : 0,
    "errorPct" : 0.0,
    "meanResTime" : 339.4,
    "medianResTime" : 337.0,
    "minResTime" : 305.0,
    "maxResTime" : 369.0,
    "pct1ResTime" : 368.4,
    "pct2ResTime" : 369.0,
    "pct3ResTime" : 369.0,
    "throughput" : 0.21955824880340755,
    "receivedKBytesPerSec" : 0.2199441910376323,
    "sentKBytesPerSec" : 0.024443008167566855
  },
  "Login-1" : {
    "transaction" : "Login-1",
    "sampleCount" : 10,
    "errorCount" : 0,
    "errorPct" : 0.0,
    "meanResTime" : 488.6,
    "medianResTime" : 396.0,
    "minResTime" : 346.0,
    "maxResTime" : 717.0,
    "pct1ResTime" : 714.6,
    "pct2ResTime" : 717.0,
    "pct3ResTime" : 717.0,
    "throughput" : 0.21770840136720876,
    "receivedKBytesPerSec" : 2.997912720701892,
    "sentKBytesPerSec" : 0.02423706812095879
  },
  "Academic Structure" : {
    "transaction" : "Academic Structure",
    "sampleCount" : 10,
    "errorCount" : 0,
    "errorPct" : 0.0,
    "meanResTime" : 2274.1,
    "medianResTime" : 2281.5,
    "minResTime" : 1989.0,
    "maxResTime" : 2800.0,
    "pct1ResTime" : 2766.3,
    "pct2ResTime" : 2800.0,
    "pct3ResTime" : 2800.0,
    "throughput" : 0.21229619565217392,
    "receivedKBytesPerSec" : 3.4594328507133154,
    "sentKBytesPerSec" : 0.08272088092306386
  },
  "Final Results-0" : {
    "transaction" : "Final Results-0",
    "sampleCount" : 10,
    "errorCount" : 0,
    "errorPct" : 0.0,
    "meanResTime" : 341.6,
    "medianResTime" : 336.0,
    "minResTime" : 297.0,
    "maxResTime" : 406.0,
    "pct1ResTime" : 405.0,
    "pct2ResTime" : 406.0,
    "pct3ResTime" : 406.0,
    "throughput" : 0.22165085557230252,
    "receivedKBytesPerSec" : 0.24433543532228036,
    "sentKBytesPerSec" : 0.029005092428406775
  },
  "CA Results" : {
    "transaction" : "CA Results",
    "sampleCount" : 10,
    "errorCount" : 0,
    "errorPct" : 0.0,
    "meanResTime" : 1164.8,
    "medianResTime" : 1100.5,
    "minResTime" : 968.0,
    "maxResTime" : 1496.0,
    "pct1ResTime" : 1490.4,
    "pct2ResTime" : 1496.0,
    "pct3ResTime" : 1496.0,
    "throughput" : 0.21838352514686293,
    "receivedKBytesPerSec" : 3.549158813959075,
    "sentKBytesPerSec" : 0.08168055676879737
  },
  "Total" : {
    "transaction" : "Total",
    "sampleCount" : 190,
    "errorCount" : 0,
    "errorPct" : 0.0,
    "meanResTime" : 698.3263157894739,
    "medianResTime" : 534.5,
    "minResTime" : 297.0,
    "maxResTime" : 2800.0,
    "pct1ResTime" : 1307.4000000000003,
    "pct2ResTime" : 2000.2499999999998,
    "pct3ResTime" : 2493.3300000000013,
    "throughput" : 3.609628208294546,
    "receivedKBytesPerSec" : 30.321544849630488,
    "sentKBytesPerSec" : 0.6560261793035317
  },
  "Homepage-2" : {
    "transaction" : "Homepage-2",
    "sampleCount" : 10,
    "errorCount" : 0,
    "errorPct" : 0.0,
    "meanResTime" : 478.8,
    "medianResTime" : 395.0,
    "minResTime" : 355.0,
    "maxResTime" : 716.0,
    "pct1ResTime" : 706.0,
    "pct2ResTime" : 716.0,
    "pct3ResTime" : 716.0,
    "throughput" : 0.2156985397208861,
    "receivedKBytesPerSec" : 2.9704048122344213,
    "sentKBytesPerSec" : 0.025066529518345163
  },
  "Final Results" : {
    "transaction" : "Final Results",
    "sampleCount" : 10,
    "errorCount" : 0,
    "errorPct" : 0.0,
    "meanResTime" : 1184.2,