{
  "Homepage" : {
    "transaction" : "Homepage",
    "sampleCount" : 800,
    "errorCount" : 0,
    "errorPct" : 0.0,
    "meanResTime" : 1190.1175000000014,
    "medianResTime" : 1114.0,
    "minResTime" : 751.0,
    "maxResTime" : 3522.0,
    "pct1ResTime" : 1520.2999999999997,
    "pct2ResTime" : 1757.8999999999985,
    "pct3ResTime" : 2166.7300000000005,
    "throughput" : 1.000053752889218,
    "receivedKBytesPerSec" : 96.83620226032461,
    "sentKBytesPerSec" : 0.1337962540486551
  },
  "Yoga Page" : {
    "transaction" : "Yoga Page",
    "sampleCount" : 800,
    "errorCount" : 0,
    "errorPct" : 0.0,
    "meanResTime" : 934.8862500000007,
    "medianResTime" : 898.0,
    "minResTime" : 620.0,
    "maxResTime" : 2005.0,
    "pct1ResTime" : 1168.9,
    "pct2ResTime" : 1289.299999999999,
    "pct3ResTime" : 1568.8700000000001,
    "throughput" : 1.0033637770626023,
    "receivedKBytesPerSec" : 252.48251329966527,
    "sentKBytesPerSec" : 0.15873528504310702
  },
  "Tops Women" : {
    "transaction" : "Tops Women",
    "sampleCount" : 800,
    "errorCount" : 0,
    "errorPct" : 0.0,
    "meanResTime" : 742.3662499999999,
    "medianResTime" : 712.0,
    "minResTime" : 489.0,
    "maxResTime" : 1625.0,
    "pct1ResTime" : 898.8,
    "pct2ResTime" : 1013.8999999999999,
    "pct3ResTime" : 1345.6300000000003,
    "throughput" : 1.003607970654503,
    "receivedKBytesPerSec" : 233.98480452264954,
    "sentKBytesPerSec" : 0.1548535735970815
  },
  "Fitness Equipment" : {
    "transaction" : "Fitness Equipment",
    "sampleCount" : 800,
    "errorCount" : 0,
    "errorPct" : 0.0,
    "meanResTime" : 613.8862500000012,
    "medianResTime" : 562.0,
    "minResTime" : 459.0,
    "maxResTime" : 1651.0,
    "pct1ResTime" : 773.8,
    "pct2ResTime" : 910.0,
    "pct3ResTime" : 1263.9,
    "throughput" : 1.0039442459563008,
    "receivedKBytesPerSec" : 134.06064584047076,
    "sentKBytesPerSec" : 0.1607879456414388
  },
  "Bags" : {
    "transaction" : "Bags",
    "sampleCount" : 800,
    "errorCount" : 0,
    "errorPct" : 0.0,
    "meanResTime" : 656.7625000000004,
    "medianResTime" : 637.0,
    "minResTime" : 454.0,
    "maxResTime" : 1920.0,
    "pct1ResTime" : 831.9,
    "pct2ResTime" : 909.8999999999999,
    "pct3ResTime" : 1185.6000000000004,
    "throughput" : 1.0039152695512499,
    "receivedKBytesPerSec" : 146.968675882818,
    "sentKBytesPerSec" : 0.14803828681859252
  },
  "Women Bottoms" : {
    "transaction" : "Women Bottoms",
    "sampleCount" : 800,
    "errorCount" : 0,
    "errorPct" : 0.0,
    "meanResTime" : 720.4737499999993,
    "medianResTime" : 683.0,
    "minResTime" : 498.0,
    "maxResTime" : 1608.0,
    "pct1ResTime" : 884.9,
    "pct2ResTime" : 985.8999999999999,
    "pct3ResTime" : 1242.7000000000003,
    "throughput" : 1.003879996185256,
    "receivedKBytesPerSec" : 216.33659626683695,
    "sentKBytesPerSec" : 0.15783660096272092
  },
  "Total" : {
    "transaction" : "Total",
    "sampleCount" : 7200,
    "errorCount" : 0,
    "errorPct" : 0.0,
    "meanResTime" : 766.2166666666669,
    "medianResTime" : 694.0,
    "minResTime" : 453.0,
    "maxResTime" : 3522.0,
    "pct1ResTime" : 1082.0,
    "pct2ResTime" : 1250.9499999999998,
    "pct3ResTime" : 1612.949999999999,
    "throughput" : 8.941244844813518,
    "receivedKBytesPerSec" : 1605.9247561551003,
    "sentKBytesPerSec" : 1.3563216463812175
  },
  "Watches" : {
    "transaction" : "Watches",
    "sampleCount" : 800,
    "errorCount" : 0,
    "errorPct" : 0.0,
    "meanResTime" : 611.4825000000004,
    "medianResTime" : 555.0,
    "minResTime" : 453.0,
    "maxResTime" : 1834.0,
    "pct1ResTime" : 798.8,
    "pct2ResTime" : 887.9499999999999,
    "pct3ResTime" : 1095.92,
    "throughput" : 1.003920308805887,
    "receivedKBytesPerSec" : 116.10754669837277,
    "sentKBytesPerSec" : 0.15098020269151036
  },
  "Men Pants" : {
    "transaction" : "Men Pants",
    "sampleCount" : 800,
    "errorCount" : 0,
    "errorPct" : 0.0,
    "meanResTime" : 713.2512500000006,
    "medianResTime" : 676.0,
    "minResTime" : 489.0,
    "maxResTime" : 1516.0,
    "pct1ResTime" : 870.0,
    "pct2ResTime" : 971.0,
    "pct3ResTime" : 1321.99,
    "throughput" : 1.003713740841112,
    "receivedKBytesPerSec" : 213.31657601876947,
    "sentKBytesPerSec" : 0.15388970440630334
  },
  "Tops Men" : {
    "transaction" : "Tops Men",
    "sampleCount" : 800,
    "errorCount" : 0,
    "errorPct" : 0.0,
    "meanResTime" : 712.7237500000001,
    "medianResTime" : 677.0,
    "minResTime" : 492.0,
    "maxResTime" : 1546.0,
    "pct1ResTime" : 864.9,
    "pct2ResTime" : 958.9499999999999,
    "pct3ResTime" : 1252.8200000000002,
    "throughput" : 1.0036684080313547,
    "receivedKBytesPerSec" : 212.03060908323044,
    "sentKBytesPerSec" : 0.15094231917659043
  }
}