{
  "Academic Structure-1" : {
    "transaction" : "Academic Structure-1",
    "sampleCount" : 450,
    "errorCount" : 0,
    "errorPct" : 0.0,
    "meanResTime" : 957.453333333333,
    "medianResTime" : 914.0,
    "minResTime" : 851.0,
    "maxResTime" : 7991.0,
    "pct1ResTime" : 976.6000000000001,
    "pct2ResTime" : 1022.45,
    "pct3ResTime" : 1871.6000000000004,
    "throughput" : 1.0011190286030829,
    "receivedKBytesPerSec" : 1.3894871656540533,
    "sentKBytesPerSec" : 0.13687174219182774
  },
  "Academic Structure-2" : {
    "transaction" : "Academic Structure-2",
    "sampleCount" : 450,
    "errorCount" : 0,
    "errorPct" : 0.0,
    "meanResTime" : 637.9444444444446,
    "medianResTime" : 609.0,
    "minResTime" : 573.0,
    "maxResTime" : 4300.0,
    "pct1ResTime" : 650.9000000000001,
    "pct2ResTime" : 686.45,
    "pct3ResTime" : 1406.9900000000005,
    "throughput" : 1.0027676386827644,
    "receivedKBytesPerSec" : 13.809468299172384,
    "sentKBytesPerSec" : 0.11653256738598533
  },
  "Homepage" : {
    "transaction" : "Homepage",
    "sampleCount" : 450,
    "errorCount" : 2,
    "errorPct" : 0.44444445,
    "meanResTime" : 1379.4288888888898,
    "medianResTime" : 1332.0,
    "minResTime" : 0.0,
    "maxResTime" : 3196.0,
    "pct1ResTime" : 1433.9,
    "pct2ResTime" : 2023.2999999999997,
    "pct3ResTime" : 2168.37,
    "throughput" : 1.0007182933527843,
    "receivedKBytesPerSec" : 16.174973751993097,
    "sentKBytesPerSec" : 0.36122716277461375
  },
  "Academic Structure-0" : {
    "transaction" : "Academic Structure-0",
    "sampleCount" : 450,
    "errorCount" : 0,
    "errorPct" : 0.0,
    "meanResTime" : 651.7688888888886,
    "medianResTime" : 615.0,
    "minResTime" : 573.0,
    "maxResTime" : 4500.0,
    "pct1ResTime" : 661.0,
    "pct2ResTime" : 683.45,
    "pct3ResTime" : 1531.1200000000008,
    "throughput" : 1.0013819070317038,
    "receivedKBytesPerSec" : 1.1355210120521875,
    "sentKBytesPerSec" : 0.13690768260199074
  },
  "CA Results-1" : {
    "transaction" : "CA Results-1",
    "sampleCount" : 450,
    "errorCount" : 0,
    "errorPct" : 0.0,
    "meanResTime" : 382.10444444444454,
    "medianResTime" : 361.0,
    "minResTime" : 332.0,
    "maxResTime" : 1335.0,
    "pct1ResTime" : 397.0,
    "pct2ResTime" : 418.79999999999995,
    "pct3ResTime" : 1110.6600000000003,
    "throughput" : 1.0032080363651767,
    "receivedKBytesPerSec" : 1.3913502706432348,
    "sentKBytesPerSec" : 0.12931978593769855
  },
  "CA Results-2" : {
    "transaction" : "CA Results-2",
    "sampleCount" : 450,
    "errorCount" : 0,
    "errorPct" : 0.0,
    "meanResTime" : 636.9822222222223,
    "medianResTime" : 610.0,
    "minResTime" : 572.0,
    "maxResTime" : 5392.0,
    "pct1ResTime" : 649.0,
    "pct2ResTime" : 668.0,
    "pct3ResTime" : 1375.7800000000002,
    "throughput" : 1.0026715626747713,
    "receivedKBytesPerSec" : 13.808336684855872,
    "sentKBytesPerSec" : 0.11652140230302517
  },
  "Final Results-1" : {
    "transaction" : "Final Results-1",
    "sampleCount" : 450,
    "errorCount" : 1,
    "errorPct" : 0.22222222,
    "meanResTime" : 378.5977777777778,
    "medianResTime" : 361.0,
    "minResTime" : 2.0,
    "maxResTime" : 1300.0,
    "pct1ResTime" : 391.90000000000003,
    "pct2ResTime" : 409.0,
    "pct3ResTime" : 1117.8000000000002,
    "throughput" : 1.0032236921307134,
    "receivedKBytesPerSec" : 1.3940106709560054,
    "sentKBytesPerSec" : 0.1309894892811122
  },
  "CA Results-0" : {
    "transaction" : "CA Results-0",
    "sampleCount" : 450,
    "errorCount" : 0,
    "errorPct" : 0.0,
    "meanResTime" : 377.7022222222222,
    "medianResTime" : 356.0,
    "minResTime" : 321.0,
    "maxResTime" : 1350.0,
    "pct1ResTime" : 387.80000000000007,
    "pct2ResTime" : 427.1499999999999,
    "pct3ResTime" : 1110.88,
    "throughput" : 1.003225928708536,
    "receivedKBytesPerSec" : 1.0973610908298461,
    "sentKBytesPerSec" : 0.12932209237258474
  },
  "Final Results-2" : {
    "transaction" : "Final Results-2",
    "sampleCount" : 449,
    "errorCount" : 0,
    "errorPct" : 0.0,
    "meanResTime" : 644.5701559020059,
    "medianResTime" : 614.0,
    "minResTime" : 575.0,
    "maxResTime" : 4987.0,
    "pct1ResTime" : 659.0,
    "pct2ResTime" : 703.0,
    "pct3ResTime" : 1403.5,
    "throughput" : 1.000461237140508,
    "receivedKBytesPerSec" : 13.7780364848048,
    "sentKBytesPerSec" : 0.11626453830050824
  },
  "Login" : {
    "transaction" : "Login",
    "sampleCount" : 450,
    "errorCount" : 1,
    "errorPct" : 0.22222222,
    "meanResTime" : 1056.4511111111108,
    "medianResTime" : 969.5,
    "minResTime" : 692.0,
    "maxResTime" : 8996.0,
    "pct1ResTime" : 1056.7,
    "pct2ResTime" : 1659.9499999999998,
    "pct3ResTime" : 1982.7400000000002,
    "throughput" : 1.0016850568623217,
    "receivedKBytesPerSec" : 14.772330811915824,
    "sentKBytesPerSec" : 0.2227836257326213
  },
  "Login-0" : {
    "transaction" : "Login-0",
    "sampleCount" : 450,
    "errorCount" : 0,
    "errorPct" : 0.0,
    "meanResTime" : 398.47777777777793,
    "medianResTime" : 354.0,
    "minResTime" : 320.0,
    "maxResTime" : 5688.0,
    "pct1ResTime" : 386.90000000000003,
    "pct2ResTime" : 417.39999999999986,
    "pct3ResTime" : 1193.3400000000006,
    "throughput" : 1.0031879082417459,
    "receivedKBytesPerSec" : 1.0042133021323316,
    "sentKBytesPerSec" : 0.11168302884722563
  },
  "Login-1" : {
    "transaction" : "Login-1",
    "sampleCount" : 450,
    "errorCount" : 1,
    "errorPct" : 0.22222222,
    "meanResTime" : 657.8822222222221,
    "medianResTime" : 613.0,
    "minResTime" : 3.0,
    "maxResTime" : 8637.0,
    "pct1ResTime" : 667.0,
    "pct2ResTime" : 727.1499999999999,
    "pct3ResTime" : 1457.9500000000014,
    "throughput" : 1.0025151992443264,
    "receivedKBytesPerSec" : 13.781033414945497,
    "sentKBytesPerSec" : 0.11136011933272588
  },
  "Academic Structure" : {
    "transaction" : "Academic Structure",
    "sampleCount" : 450,
    "errorCount" : 0,
    "errorPct" : 0.0,
    "meanResTime" : 2247.87333333333,
    "medianResTime" : 2145.5,
    "minResTime" : 2044.0,
    "maxResTime" : 9376.0,
    "pct1ResTime" : 2290.100000000001,
    "pct2ResTime" : 2906.35,
    "pct3ResTime" : 4564.5100000000075,
    "throughput" : 0.9979951386547912,
    "receivedKBytesPerSec" : 16.260576496050156,
    "sentKBytesPerSec" : 0.38886724640943526
  },
  "Final Results-0" : {
    "transaction" : "Final Results-0",
    "sampleCount" : 450,
    "errorCount" : 0,
    "errorPct" : 0.0,
    "meanResTime" : 378.3133333333333,
    "medianResTime" : 353.0,
    "minResTime" : 323.0,
    "maxResTime" : 1329.0,
    "pct1ResTime" : 387.90000000000003,
    "pct2ResTime" : 410.45,
    "pct3ResTime" : 1186.8600000000001,
    "throughput" : 1.0032482950352586,
    "receivedKBytesPerSec" : 1.1073070021993432,
    "sentKBytesPerSec" : 0.13128444485812954
  },
  "CA Results" : {
    "transaction" : "CA Results",
    "sampleCount" : 450,
    "errorCount" : 0,
    "errorPct" : 0.0,
    "meanResTime" : 1396.9777777777774,
    "medianResTime" : 1332.0,
    "minResTime" : 1243.0,
    "maxResTime" : 6195.0,
    "pct1ResTime" : 1427.8000000000002,
    "pct2ResTime" : 2012.9499999999998,
    "pct3ResTime" : 2554.9900000000043,
    "throughput" : 1.0011123470522802,
    "receivedKBytesPerSec" : 16.270356820077865,
    "sentKBytesPerSec" : 0.3744394813681869
  },
  "Total" : {
    "transaction" : "Total",
    "sampleCount" : 8545,
    "errorCount" : 7,
    "errorPct" : 0.08191925,
    "meanResTime" : 787.8613224107644,
    "medianResTime" : 609.0,
    "minResTime" : 0.0,
    "maxResTime" : 9376.0,
    "pct1ResTime" : 1371.4000000000005,
    "pct2ResTime" : 2097.0,
    "pct3ResTime" : 2248.0,
    "throughput" : 18.739610426635902,
    "receivedKBytesPerSec" : 157.2846119281897,
    "sentKBytesPerSec" : 3.4035832857258774
  },
  "Homepage-2" : {
    "transaction" : "Homepage-2",
    "sampleCount" : 448,
    "errorCount" : 0,
    "errorPct" : 0.0,