{
  "ub-exchange student" : {
    "transaction" : "ub-exchange student",
    "sampleCount" : 250,
    "errorCount" : 6,
    "errorPct" : 2.4,
    "meanResTime" : 1176.5320000000002,
    "medianResTime" : 1004.5,
    "minResTime" : 0.0,
    "maxResTime" : 4851.0,
    "pct1ResTime" : 1981.5,
    "pct2ResTime" : 2446.1499999999996,
    "pct3ResTime" : 4277.310000000005,
    "throughput" : 3.966491083328045,
    "receivedKBytesPerSec" : 330.0050857852859,
    "sentKBytesPerSec" : 0.6351343847179032
  },
  "ub-transportation" : {
    "transaction" : "ub-transportation",
    "sampleCount" : 250,
    "errorCount" : 3,
    "errorPct" : 1.2,
    "meanResTime" : 1080.8880000000001,
    "medianResTime" : 948.0,
    "minResTime" : 1.0,
    "maxResTime" : 3635.0,
    "pct1ResTime" : 1967.0000000000005,
    "pct2ResTime" : 2224.2,
    "pct3ResTime" : 3400.1000000000026,
    "throughput" : 3.9498838734141217,
    "receivedKBytesPerSec" : 312.03224734567806,
    "sentKBytesPerSec" : 0.6059523021898157
  },
  "ub homepage" : {
    "transaction" : "ub homepage",
    "sampleCount" : 250,
    "errorCount" : 0,
    "errorPct" : 0.0,
    "meanResTime" : 4229.372000000002,
    "medianResTime" : 4118.5,
    "minResTime" : 2039.0,
    "maxResTime" : 11243.0,
    "pct1ResTime" : 5267.0,
    "pct2ResTime" : 6008.999999999999,
    "pct3ResTime" : 7808.700000000001,
    "throughput" : 4.482777170112428,
    "receivedKBytesPerSec" : 679.4076766438344,
    "sentKBytesPerSec" : 0.5121923133819865
  },
  "ub-fee and scholarships" : {
    "transaction" : "ub-fee and scholarships",
    "sampleCount" : 250,
    "errorCount" : 3,
    "errorPct" : 1.2,
    "meanResTime" : 1063.952000000001,
    "medianResTime" : 897.0,
    "minResTime" : 0.0,
    "maxResTime" : 3966.0,
    "pct1ResTime" : 1881.0,
    "pct2ResTime" : 2252.4499999999994,
    "pct3ResTime" : 3241.9100000000008,
    "throughput" : 3.9008862813631255,
    "receivedKBytesPerSec" : 305.3558010567501,
    "sentKBytesPerSec" : 0.5457431334649233
  },
  "ub-faculties and schools" : {
    "transaction" : "ub-faculties and schools",
    "sampleCount" : 250,
    "errorCount" : 0,
    "errorPct" : 0.0,
    "meanResTime" : 1163.204000000001,
    "medianResTime" : 1019.5,
    "minResTime" : 285.0,
    "maxResTime" : 5062.0,
    "pct1ResTime" : 2068.7,
    "pct2ResTime" : 2662.699999999999,
    "pct3ResTime" : 4141.720000000007,
    "throughput" : 3.8988786824909156,
    "receivedKBytesPerSec" : 325.3986633912837,
    "sentKBytesPerSec" : 0.5520873134386551
  },
  "ub-finance" : {
    "transaction" : "ub-finance",
    "sampleCount" : 250,
    "errorCount" : 3,
    "errorPct" : 1.2,
    "meanResTime" : 1208.4920000000002,
    "medianResTime" : 1031.5,
    "minResTime" : 0.0,
    "maxResTime" : 4076.0,
    "pct1ResTime" : 2109.2000000000003,
    "pct2ResTime" : 2740.9999999999995,
    "pct3ResTime" : 3871.6700000000037,
    "throughput" : 3.994120654396728,
    "receivedKBytesPerSec" : 310.99743053225654,
    "sentKBytesPerSec" : 0.597323864271792
  },
  "ub-health center" : {
    "transaction" : "ub-health center",
    "sampleCount" : 250,
    "errorCount" : 0,
    "errorPct" : 0.0,
    "meanResTime" : 1133.9519999999998,
    "medianResTime" : 956.0,
    "minResTime" : 262.0,
    "maxResTime" : 3915.0,
    "pct1ResTime" : 2011.2,
    "pct2ResTime" : 2390.199999999999,
    "pct3ResTime" : 3704.6100000000006,
    "throughput" : 3.9415390921847164,
    "receivedKBytesPerSec" : 324.9885972505794,
    "sentKBytesPerSec" : 0.6081671646144386
  },
  "ub-httc application form" : {
    "transaction" : "ub-httc application form",
    "sampleCount" : 250,
    "errorCount" : 4,
    "errorPct" : 1.6,
    "meanResTime" : 884.4520000000001,
    "medianResTime" : 752.0,
    "minResTime" : 0.0,
    "maxResTime" : 4348.0,
    "pct1ResTime" : 1527.7,
    "pct2ResTime" : 1852.3999999999996,
    "pct3ResTime" : 3583.440000000005,
    "throughput" : 3.8837364651784188,
    "receivedKBytesPerSec" : 236.60247457123552,
    "sentKBytesPerSec" : 0.6829611257398518
  },
  "ub-job opportunities" : {
    "transaction" : "ub-job opportunities",
    "sampleCount" : 250,
    "errorCount" : 4,
    "errorPct" : 1.6,
    "meanResTime" : 1502.5239999999992,
    "medianResTime" : 1276.5,
    "minResTime" : 0.0,
    "maxResTime" : 4673.0,
    "pct1ResTime" : 2673.1,
    "pct2ResTime" : 3137.25,
    "pct3ResTime" : 3966.780000000003,
    "throughput" : 4.487444131320565,
    "receivedKBytesPerSec" : 401.49758631598786,
    "sentKBytesPerSec" : 0.6640716151208917
  },
  "ub-sports" : {
    "transaction" : "ub-sports",
    "sampleCount" : 250,
    "errorCount" : 5,
    "errorPct" : 2.0,
    "meanResTime" : 1229.648,
    "medianResTime" : 1068.0,
    "minResTime" : 0.0,
    "maxResTime" : 4493.0,
    "pct1ResTime" : 2174.0,
    "pct2ResTime" : 2596.5999999999976,
    "pct3ResTime" : 3834.45,
    "throughput" : 4.028943933216226,
    "receivedKBytesPerSec" : 323.09753896996017,
    "sentKBytesPerSec" : 0.5899412630336336
  },
  "ub-news" : {
    "transaction" : "ub-news",
    "sampleCount" : 250,
    "errorCount" : 5,
    "errorPct" : 2.0,
    "meanResTime" : 1323.0400000000002,
    "medianResTime" : 1107.0,
    "minResTime" : 0.0,
    "maxResTime" : 4646.0,
    "pct1ResTime" : 2247.9,
    "pct2ResTime" : 3115.35,
    "pct3ResTime" : 4519.85,
    "throughput" : 4.116581590647127,
    "receivedKBytesPerSec" : 350.1249929246254,
    "sentKBytesPerSec" : 0.5515576115593611
  },
  "ub-FET" : {
    "transaction" : "ub-FET",
    "sampleCount" : 250,
    "errorCount" : 1,
    "errorPct" : 0.4,
    "meanResTime" : 1175.0,
    "medianResTime" : 986.0,
    "minResTime" : 283.0,
    "maxResTime" : 5680.0,
    "pct1ResTime" : 1979.6000000000004,
    "pct2ResTime" : 2871.5499999999993,
    "pct3ResTime" : 4041.82,
    "throughput" : 3.8940203423622686,
    "receivedKBytesPerSec" : 334.487433752979,
    "sentKBytesPerSec" : 0.7082705828180247
  },
  "Total" : {
    "transaction" : "Total",
    "sampleCount" : 4000,
    "errorCount" : 52,
    "errorPct" : 1.3,
    "meanResTime" : 1396.7685000000015,
    "medianResTime" : 1093.0,
    "minResTime" : 0.0,
    "maxResTime" : 11243.0,
    "pct1ResTime" : 2850.7000000000003,
    "pct2ResTime" : 3899.8999999999996,
    "pct3ResTime" : 4994.499999999989,
    "throughput" : 52.41639584862145,
    "receivedKBytesPerSec" : 4453.6066652156605,
    "sentKBytesPerSec" : 7.788224144793742
  },
  "why us" : {
    "transaction" : "why us",
    "sampleCount" : 250,
    "errorCount" : 13,
    "errorPct" : 5.2,
    "meanResTime" : 1526.2279999999998,
    "medianResTime" : 1321.0,
    "minResTime" : 0.0,
    "maxResTime" : 3916.0,
    "pct1ResTime" : 2426.9,
    "pct2ResTime" : 2993.2,
    "pct3ResTime" : 3671.6400000000003,
    "throughput" : 4.652894100130281,
    "receivedKBytesPerSec" : 397.2735131095292,
    "sentKBytesPerSec" : 0.5858284477945283
  },
  "ub-Admission requirements" : {
    "transaction" : "ub-Admission requirements",
    "sampleCount" : 250,
    "errorCount" : 1,
    "errorPct" : 0.4,
    "meanResTime" : 1080.8159999999991,
    "medianResTime" : 918.5,
    "minResTime" : 1.0,
    "maxResTime" : 5247.0,
    "pct1ResTime" : 1833.4,
    "pct2ResTime" : 2221.5999999999995,
    "pct3ResTime" : 4106.560000000015,
    "throughput" : 3.9138943248532287,
    "receivedKBytesPerSec" : 313.7490215264188,
    "sentKBytesPerSec" : 0.6585891634050881
  },
  "ub-announcements" : {
    "transaction" : "ub-announcements",
    "sampleCount" : 250,
    "errorCount" : 3,
    "errorPct" : 1.2,
    "meanResTime" : 1140.1559999999993,
    "medianResTime" : 951.5,
    "minResTime" : 0.0,
    "maxResTime" : 4497.0,
    "pct1ResTime" : 1935.0,
    "pct2ResTime" : 2540.749999999998,
    "pct3ResTime" : 3999.7400000000002,
    "throughput" : 4.201610056973832,
    "receivedKBytesPerSec" : 274.3285203452463,
    "sentKBytesPerSec" : 0.5715995056805768
  },
  "ub-library" : {
    "transaction" : "ub-library",
    "sampleCount" : 250,
    "errorCount" : 1,