{
  "ub-exchange student" : {
    "transaction" : "ub-exchange student",
    "sampleCount" : 50,
    "errorCount" : 0,
    "errorPct" : 0.0,
    "meanResTime" : 529.26,
    "medianResTime" : 500.0,
    "minResTime" : 447.0,
    "maxResTime" : 715.0,
    "pct1ResTime" : 692.6,
    "pct2ResTime" : 710.25,
    "pct3ResTime" : 715.0,
    "throughput" : 1.0163634515702815,
    "receivedKBytesPerSec" : 86.58721827675576,
    "sentKBytesPerSec" : 0.16674712877324932
  },
  "ub-transportation" : {
    "transaction" : "ub-transportation",
    "sampleCount" : 50,
    "errorCount" : 0,
    "errorPct" : 0.0,
    "meanResTime" : 538.38,
    "medianResTime" : 484.0,
    "minResTime" : 235.0,
    "maxResTime" : 1596.0,
    "pct1ResTime" : 833.6999999999998,
    "pct2ResTime" : 1143.5999999999988,
    "pct3ResTime" : 1596.0,
    "throughput" : 1.0164874260505399,
    "receivedKBytesPerSec" : 81.2503017697046,
    "sentKBytesPerSec" : 0.15783349681839437
  },
  "ub homepage" : {
    "transaction" : "ub homepage",
    "sampleCount" : 50,
    "errorCount" : 0,
    "errorPct" : 0.0,
    "meanResTime" : 3084.7599999999998,
    "medianResTime" : 3056.5,
    "minResTime" : 2869.0,
    "maxResTime" : 4228.0,
    "pct1ResTime" : 3233.2,
    "pct2ResTime" : 3303.15,
    "pct3ResTime" : 4228.0,
    "throughput" : 0.9445189564954568,
    "receivedKBytesPerSec" : 143.15134838935904,
    "sentKBytesPerSec" : 0.10791866983395357
  },
  "ub-fee and scholarships" : {
    "transaction" : "ub-fee and scholarships",
    "sampleCount" : 50,
    "errorCount" : 0,
    "errorPct" : 0.0,
    "meanResTime" : 415.7200000000001,
    "medianResTime" : 456.5,
    "minResTime" : 245.0,
    "maxResTime" : 946.0,
    "pct1ResTime" : 644.6999999999999,
    "pct2ResTime" : 756.8499999999996,
    "pct3ResTime" : 946.0,
    "throughput" : 1.015125367982946,
    "receivedKBytesPerSec" : 80.40278667774845,
    "sentKBytesPerSec" : 0.14374333823977262
  },
  "ub-faculties and schools" : {
    "transaction" : "ub-faculties and schools",
    "sampleCount" : 50,
    "errorCount" : 0,
    "errorPct" : 0.0,
    "meanResTime" : 423.20000000000005,
    "medianResTime" : 465.0,
    "minResTime" : 253.0,
    "maxResTime" : 728.0,
    "pct1ResTime" : 615.1,
    "pct2ResTime" : 697.05,
    "pct3ResTime" : 728.0,
    "throughput" : 1.014651568651325,
    "receivedKBytesPerSec" : 84.68238393654369,
    "sentKBytesPerSec" : 0.14367624751410366
  },
  "ub-finance" : {
    "transaction" : "ub-finance",
    "sampleCount" : 50,
    "errorCount" : 0,
    "errorPct" : 0.0,
    "meanResTime" : 520.1600000000002,
    "medianResTime" : 488.5,
    "minResTime" : 450.0,
    "maxResTime" : 925.0,
    "pct1ResTime" : 661.0999999999999,
    "pct2ResTime" : 864.8999999999995,
    "pct3ResTime" : 925.0,
    "throughput" : 1.0203248714390662,
    "receivedKBytesPerSec" : 80.38655406318873,
    "sentKBytesPerSec" : 0.15444370612603053
  },
  "ub-health center" : {
    "transaction" : "ub-health center",
    "sampleCount" : 50,
    "errorCount" : 0,
    "errorPct" : 0.0,
    "meanResTime" : 465.2200000000001,
    "medianResTime" : 477.5,
    "minResTime" : 248.0,
    "maxResTime" : 1638.0,
    "pct1ResTime" : 689.2999999999997,
    "pct2ResTime" : 862.7499999999992,
    "pct3ResTime" : 1638.0,
    "throughput" : 1.0156821321199316,
    "receivedKBytesPerSec" : 83.74527311057732,
    "sentKBytesPerSec" : 0.15671657897944258
  },
  "ub-httc application form" : {
    "transaction" : "ub-httc application form",
    "sampleCount" : 50,
    "errorCount" : 0,
    "errorPct" : 0.0,
    "meanResTime" : 357.5800000000001,
    "medianResTime" : 272.0,
    "minResTime" : 236.0,
    "maxResTime" : 1333.0,
    "pct1ResTime" : 499.79999999999995,
    "pct2ResTime" : 647.5499999999989,
    "pct3ResTime" : 1333.0,
    "throughput" : 1.019555066169124,
    "receivedKBytesPerSec" : 63.08895235619176,
    "sentKBytesPerSec" : 0.18220564170795867
  },
  "ub-job opportunities" : {
    "transaction" : "ub-job opportunities",
    "sampleCount" : 50,
    "errorCount" : 0,
    "errorPct" : 0.0,
    "meanResTime" : 840.66,
    "medianResTime" : 784.5,
    "minResTime" : 691.0,
    "maxResTime" : 1605.0,
    "pct1ResTime" : 959.7,
    "pct2ResTime" : 1047.2499999999998,
    "pct3ResTime" : 1605.0,
    "throughput" : 1.0063196876383689,
    "receivedKBytesPerSec" : 91.467875288059,
    "sentKBytesPerSec" : 0.15134104677373908
  },
  "ub-sports" : {
    "transaction" : "ub-sports",
    "sampleCount" : 50,
    "errorCount" : 0,
    "errorPct" : 0.0,
    "meanResTime" : 526.3200000000002,
    "medianResTime" : 494.5,
    "minResTime" : 456.0,
    "maxResTime" : 956.0,
    "pct1ResTime" : 653.4999999999999,
    "pct2ResTime" : 739.7999999999998,
    "pct3ResTime" : 956.0,
    "throughput" : 1.0201791434575913,
    "receivedKBytesPerSec" : 83.4393960985799,
    "sentKBytesPerSec" : 0.15242911030176898
  },
  "ub-news" : {
    "transaction" : "ub-news",
    "sampleCount" : 50,
    "errorCount" : 0,
    "errorPct" : 0.0,
    "meanResTime" : 553.62,
    "medianResTime" : 508.5,
    "minResTime" : 452.0,
    "maxResTime" : 1266.0,
    "pct1ResTime" : 727.0999999999999,
    "pct2ResTime" : 856.1499999999994,
    "pct3ResTime" : 1266.0,
    "throughput" : 1.0143222298859902,
    "receivedKBytesPerSec" : 87.99037328959915,
    "sentKBytesPerSec" : 0.13867686736722523
  },
  "ub-FET" : {
    "transaction" : "ub-FET",
    "sampleCount" : 50,
    "errorCount" : 0,
    "errorPct" : 0.0,
    "meanResTime" : 432.5200000000001,
    "medianResTime" : 476.0,
    "minResTime" : 245.0,
    "maxResTime" : 740.0,
    "pct1ResTime" : 556.6999999999999,
    "pct2ResTime" : 686.5999999999997,
    "pct3ResTime" : 740.0,
    "throughput" : 1.014630978713042,
    "receivedKBytesPerSec" : 87.4975545808052,
    "sentKBytesPerSec" : 0.1852890556829481
  },
  "Total" : {
    "transaction" : "Total",
    "sampleCount" : 800,
    "errorCount" : 0,
    "errorPct" : 0.0,
    "meanResTime" : 711.1900000000003,
    "medianResTime" : 499.5,
    "minResTime" : 235.0,
    "maxResTime" : 4228.0,
    "pct1ResTime" : 1165.6,
    "pct2ResTime" : 2964.8999999999996,
    "pct3ResTime" : 3172.91,
    "throughput" : 13.035260379326077,
    "receivedKBytesPerSec" : 1121.2410013422245,
    "sentKBytesPerSec" : 1.961972173792609
  },
  "why us" : {
    "transaction" : "why us",
    "sampleCount" : 50,
    "errorCount" : 0,
    "errorPct" : 0.0,
    "meanResTime" : 1163.5,
    "medianResTime" : 1156.0,
    "minResTime" : 1010.0,
    "maxResTime" : 1307.0,
    "pct1ResTime" : 1235.0,
    "pct2ResTime" : 1254.75,
    "pct3ResTime" : 1307.0,
    "throughput" : 1.003069392340562,
    "receivedKBytesPerSec" : 90.23128350878689,
    "sentKBytesPerSec" : 0.1332201536702309
  },
  "ub-Admission requirements" : {
    "transaction" : "ub-Admission requirements",
    "sampleCount" : 50,
    "errorCount" : 0,
    "errorPct" : 0.0,
    "meanResTime" : 435.43999999999994,
    "medianResTime" : 438.5,
    "minResTime" : 249.0,
    "maxResTime" : 1017.0,
    "pct1ResTime" : 733.1,
    "pct2ResTime" : 788.6999999999998,
    "pct3ResTime" : 1017.0,
    "throughput" : 1.0150635429777903,
    "receivedKBytesPerSec" : 81.68882465792358,
    "sentKBytesPerSec" : 0.17149022747573997
  },
  "ub-announcements" : {
    "transaction" : "ub-announcements",
    "sampleCount" : 50,
    "errorCount" : 0,
    "errorPct" : 0.0,
    "meanResTime" : 531.3600000000001,
    "medianResTime" : 506.0,
    "minResTime" : 458.0,
    "maxResTime" : 1135.0,
    "pct1ResTime" : 592.5,
    "pct2ResTime" : 737.3499999999999,
    "pct3ResTime" : 1135.0,
    "throughput" : 1.0150223304912709,
    "receivedKBytesPerSec" : 67.0538223520605,
    "sentKBytesPerSec" : 0.1397638169914738
  },
  "ub-library" : {
    "transaction" : "ub-library",
    "sampleCount" : 50,
    "errorCount" : 0,
    "errorPct" : 0.0,
    "meanResTime" : 561.34,
    "medianResTime" : 502.0,
    "minResTime" : 463.0,
    "maxResTime" : 1647.0,
    "pct1ResTime" : 702.6,