{
  "Homepage" : {
    "transaction" : "Homepage",
    "sampleCount" : 200,
    "errorCount" : 0,
    "errorPct" : 0.0,
    "meanResTime" : 1970.2849999999992,
    "medianResTime" : 1528.0,
    "minResTime" : 884.0,
    "maxResTime" : 7996.0,
    "pct1ResTime" : 3092.0000000000005,
    "pct2ResTime" : 5487.549999999995,
    "pct3ResTime" : 7846.77,
    "throughput" : 0.997506234413965,
    "receivedKBytesPerSec" : 96.58942487531172,
    "sentKBytesPerSec" : 0.13345542394014961
  },
  "Yoga Page" : {
    "transaction" : "Yoga Page",
    "sampleCount" : 200,
    "errorCount" : 0,
    "errorPct" : 0.0,
    "meanResTime" : 1419.585,
    "medianResTime" : 1159.5,
    "minResTime" : 731.0,
    "maxResTime" : 7167.0,
    "pct1ResTime" : 1930.5,
    "pct2ResTime" : 3045.2499999999995,
    "pct3ResTime" : 6134.220000000003,
    "throughput" : 1.0091682939505406,
    "receivedKBytesPerSec" : 253.94460627929743,
    "sentKBytesPerSec" : 0.15965357775389413
  },
  "Tops Women" : {
    "transaction" : "Tops Women",
    "sampleCount" : 200,
    "errorCount" : 0,
    "errorPct" : 0.0,
    "meanResTime" : 1041.0700000000006,
    "medianResTime" : 907.5,
    "minResTime" : 567.0,
    "maxResTime" : 3490.0,
    "pct1ResTime" : 1513.9,
    "pct2ResTime" : 1818.0999999999995,
    "pct3ResTime" : 3411.6400000000003,
    "throughput" : 1.012996748280438,
    "receivedKBytesPerSec" : 236.1748103163589,
    "sentKBytesPerSec" : 0.1563022326448332
  },
  "Fitness Equipment" : {
    "transaction" : "Fitness Equipment",
    "sampleCount" : 200,
    "errorCount" : 0,
    "errorPct" : 0.0,
    "meanResTime" : 885.1650000000003,
    "medianResTime" : 800.5,
    "minResTime" : 491.0,
    "maxResTime" : 3286.0,
    "pct1ResTime" : 1332.7,
    "pct2ResTime" : 1550.6,
    "pct3ResTime" : 3176.910000000007,
    "throughput" : 1.0183973480933055,
    "receivedKBytesPerSec" : 135.99129206617545,
    "sentKBytesPerSec" : 0.16310270028056847
  },
  "Bags" : {
    "transaction" : "Bags",
    "sampleCount" : 200,
    "errorCount" : 0,
    "errorPct" : 0.0,
    "meanResTime" : 919.2200000000005,
    "medianResTime" : 823.5,
    "minResTime" : 514.0,
    "maxResTime" : 3264.0,
    "pct1ResTime" : 1351.4,
    "pct2ResTime" : 1537.55,
    "pct3ResTime" : 2460.86,
    "throughput" : 1.0262041222619591,
    "receivedKBytesPerSec" : 150.23130781217128,
    "sentKBytesPerSec" : 0.1513250219351131
  },
  "Women Bottoms" : {
    "transaction" : "Women Bottoms",
    "sampleCount" : 200,
    "errorCount" : 0,
    "errorPct" : 0.0,
    "meanResTime" : 993.8599999999999,
    "medianResTime" : 907.5,
    "minResTime" : 536.0,
    "maxResTime" : 3071.0,
    "pct1ResTime" : 1394.5000000000002,
    "pct2ResTime" : 1704.0499999999988,
    "pct3ResTime" : 2868.860000000003,
    "throughput" : 1.0343347417524733,
    "receivedKBytesPerSec" : 222.8988691731399,
    "sentKBytesPerSec" : 0.16262489592006663
  },
  "Total" : {
    "transaction" : "Total",
    "sampleCount" : 1800,
    "errorCount" : 0,
    "errorPct" : 0.0,
    "meanResTime" : 1111.6405555555577,
    "medianResTime" : 913.0,
    "minResTime" : 488.0,
    "maxResTime" : 7996.0,
    "pct1ResTime" : 1637.0,
    "pct2ResTime" : 2139.95,
    "pct3ResTime" : 4753.860000000002,
    "throughput" : 8.680639280857262,
    "receivedKBytesPerSec" : 1559.1224203355428,
    "sentKBytesPerSec" : 1.316789682577957
  },
  "Watches" : {
    "transaction" : "Watches",
    "sampleCount" : 200,
    "errorCount" : 0,
    "errorPct" : 0.0,
    "meanResTime" : 859.3100000000003,
    "medianResTime" : 795.0,
    "minResTime" : 488.0,
    "maxResTime" : 3171.0,
    "pct1ResTime" : 1216.1000000000001,
    "pct2ResTime" : 1515.549999999999,
    "pct3ResTime" : 2949.930000000004,
    "throughput" : 1.0217948848948062,
    "receivedKBytesPerSec" : 118.17566246634462,
    "sentKBytesPerSec" : 0.15366837136113295
  },
  "Men Pants" : {
    "transaction" : "Men Pants",
    "sampleCount" : 200,
    "errorCount" : 0,
    "errorPct" : 0.0,
    "meanResTime" : 977.1049999999993,
    "medianResTime" : 874.0,
    "minResTime" : 538.0,
    "maxResTime" : 3285.0,
    "pct1ResTime" : 1354.3000000000002,
    "pct2ResTime" : 1729.2499999999993,
    "pct3ResTime" : 3257.8800000000074,
    "throughput" : 1.0146721594252897,
    "receivedKBytesPerSec" : 215.64618326310955,
    "sentKBytesPerSec" : 0.15556985256813524
  },
  "Tops Men" : {
    "transaction" : "Tops Men",
    "sampleCount" : 200,
    "errorCount" : 0,
    "errorPct" : 0.0,
    "meanResTime" : 939.1649999999996,
    "medianResTime" : 817.5,
    "minResTime" : 518.0,
    "maxResTime" : 3483.0,
    "pct1ResTime" : 1320.6,
    "pct2ResTime" : 1533.6499999999999,
    "pct3ResTime" : 3186.840000000002,
    "throughput" : 1.0439285117755137,
    "receivedKBytesPerSec" : 220.53721784569692,
    "sentKBytesPerSec" : 0.15699706134123934
  }
}