{
  "Homepage" : {
    "transaction" : "Homepage",
    "sampleCount" : 250,
    "errorCount" : 1,
    "errorPct" : 0.4,
    "meanResTime" : 16846.247999999992,
    "medianResTime" : 2221.0,
    "minResTime" : 924.0,
    "maxResTime" : 100661.0,
    "pct1ResTime" : 58000.600000000006,
    "pct2ResTime" : 78171.54999999994,
    "pct3ResTime" : 96722.33000000002,
    "throughput" : 2.216410301875083,
    "receivedKBytesPerSec" : 213.76951826322087,
    "sentKBytesPerSec" : 0.2965314564032094
  },
  "Yoga Page" : {
    "transaction" : "Yoga Page",
    "sampleCount" : 250,
    "errorCount" : 2,
    "errorPct" : 0.8,
    "meanResTime" : 5428.587999999999,
    "medianResTime" : 1235.0,
    "minResTime" : 672.0,
    "maxResTime" : 100192.0,
    "pct1ResTime" : 8361.000000000015,
    "pct2ResTime" : 37027.549999999974,
    "pct3ResTime" : 93008.79000000012,
    "throughput" : 2.2324219098815923,
    "receivedKBytesPerSec" : 557.2842688622908,
    "sentKBytesPerSec" : 0.3531761224617363
  },
  "Tops Women" : {
    "transaction" : "Tops Women",
    "sampleCount" : 250,
    "errorCount" : 0,
    "errorPct" : 0.0,
    "meanResTime" : 4079.3959999999993,
    "medianResTime" : 961.5,
    "minResTime" : 518.0,
    "maxResTime" : 99207.0,
    "pct1ResTime" : 3603.2,
    "pct2ResTime" : 26828.499999999905,
    "pct3ResTime" : 79799.66,
    "throughput" : 2.2354161450695664,
    "receivedKBytesPerSec" : 521.1734076571945,
    "sentKBytesPerSec" : 0.3449177255087807
  },
  "Fitness Equipment" : {
    "transaction" : "Fitness Equipment",
    "sampleCount" : 250,
    "errorCount" : 0,
    "errorPct" : 0.0,
    "meanResTime" : 1987.0480000000014,
    "medianResTime" : 882.5,
    "minResTime" : 484.0,
    "maxResTime" : 64028.0,
    "pct1ResTime" : 1927.3,
    "pct2ResTime" : 3756.399999999988,
    "pct3ResTime" : 47729.45000000029,
    "throughput" : 2.2328206777057322,
    "receivedKBytesPerSec" : 298.1567873422512,
    "sentKBytesPerSec" : 0.35760018666380866
  },
  "Bags" : {
    "transaction" : "Bags",
    "sampleCount" : 250,
    "errorCount" : 0,
    "errorPct" : 0.0,
    "meanResTime" : 1813.26,
    "medianResTime" : 958.0,
    "minResTime" : 497.0,
    "maxResTime" : 34742.0,
    "pct1ResTime" : 2425.7000000000003,
    "pct2ResTime" : 4313.899999999991,
    "pct3ResTime" : 31675.090000000022,
    "throughput" : 2.229256765794284,
    "receivedKBytesPerSec" : 326.3524360899951,
    "sentKBytesPerSec" : 0.32872829261224307
  },
  "Women Bottoms" : {
    "transaction" : "Women Bottoms",
    "sampleCount" : 250,
    "errorCount" : 0,
    "errorPct" : 0.0,
    "meanResTime" : 1457.08,
    "medianResTime" : 1072.5,
    "minResTime" : 492.0,
    "maxResTime" : 31990.0,
    "pct1ResTime" : 2003.3,
    "pct2ResTime" : 2927.6999999999985,
    "pct3ResTime" : 10488.380000000032,
    "throughput" : 2.2328406198365562,
    "receivedKBytesPerSec" : 481.17311527318805,
    "sentKBytesPerSec" : 0.351061855267271
  },
  "Total" : {
    "transaction" : "Total",
    "sampleCount" : 2250,
    "errorCount" : 3,
    "errorPct" : 0.13333334,
    "meanResTime" : 4093.1004444444447,
    "medianResTime" : 1126.5,
    "minResTime" : 466.0,
    "maxResTime" : 100661.0,
    "pct1ResTime" : 3472.800000000002,
    "pct2ResTime" : 21022.849999999817,
    "pct3ResTime" : 66676.14999999997,
    "throughput" : 18.839803061258667,
    "receivedKBytesPerSec" : 3385.0159310813838,
    "sentKBytesPerSec" : 2.8578607508289515
  },
  "Watches" : {
    "transaction" : "Watches",
    "sampleCount" : 250,
    "errorCount" : 0,
    "errorPct" : 0.0,
    "meanResTime" : 1792.6559999999993,
    "medianResTime" : 985.0,
    "minResTime" : 466.0,
    "maxResTime" : 45044.0,
    "pct1ResTime" : 2144.4,
    "pct2ResTime" : 3192.499999999999,
    "pct3ResTime" : 31116.430000000008,
    "throughput" : 2.232302307307665,
    "receivedKBytesPerSec" : 258.1760775183718,
    "sentKBytesPerSec" : 0.3357173391849418
  },
  "Men Pants" : {
    "transaction" : "Men Pants",
    "sampleCount" : 250,
    "errorCount" : 0,
    "errorPct" : 0.0,
    "meanResTime" : 2182.4959999999987,
    "medianResTime" : 1013.5,
    "minResTime" : 487.0,
    "maxResTime" : 65246.0,
    "pct1ResTime" : 2479.2000000000007,
    "pct2ResTime" : 4586.849999999995,
    "pct3ResTime" : 47426.760000000315,
    "throughput" : 2.2329004483664097,
    "receivedKBytesPerSec" : 481.19077057115356,
    "sentKBytesPerSec" : 0.34234899452492806
  },
  "Tops Men" : {
    "transaction" : "Tops Men",
    "sampleCount" : 250,
    "errorCount" : 0,
    "errorPct" : 0.0,
    "meanResTime" : 1251.1319999999998,
    "medianResTime" : 931.0,
    "minResTime" : 501.0,
    "maxResTime" : 11904.0,
    "pct1ResTime" : 1979.2,
    "pct2ResTime" : 2703.9999999999995,
    "pct3ResTime" : 6011.5200000000095,
    "throughput" : 2.2384384653265883,
    "receivedKBytesPerSec" : 472.8841247845503,
    "sentKBytesPerSec" : 0.3366401598245064
  }
}