{
  "Homepage" : {
    "transaction" : "Homepage",
    "sampleCount" : 275,
    "errorCount" : 5,
    "errorPct" : 1.8181819,
    "meanResTime" : 23374.160000000018,
    "medianResTime" : 2031.0,
    "minResTime" : 905.0,
    "maxResTime" : 100678.0,
    "pct1ResTime" : 72399.0,
    "pct2ResTime" : 88353.39999999998,
    "pct3ResTime" : 100573.28,
    "throughput" : 2.2356996520438357,
    "receivedKBytesPerSec" : 212.59510933079412,
    "sentKBytesPerSec" : 0.299112160478521
  },
  "Yoga Page" : {
    "transaction" : "Yoga Page",
    "sampleCount" : 275,
    "errorCount" : 98,
    "errorPct" : 35.636364,
    "meanResTime" : 2926.1381818181826,
    "medianResTime" : 1106.0,
    "minResTime" : 372.0,
    "maxResTime" : 97077.0,
    "pct1ResTime" : 1824.2000000000003,
    "pct2ResTime" : 4013.3999999999673,
    "pct3ResTime" : 59764.00000000007,
    "throughput" : 2.262853005068791,
    "receivedKBytesPerSec" : 367.9245504379649,
    "sentKBytesPerSec" : 0.3579904168175235
  },
  "Tops Women" : {
    "transaction" : "Tops Women",
    "sampleCount" : 275,
    "errorCount" : 107,
    "errorPct" : 38.909092,
    "meanResTime" : 4133.552727272728,
    "medianResTime" : 1009.0,
    "minResTime" : 367.0,
    "maxResTime" : 79171.0,
    "pct1ResTime" : 3401.4000000000005,
    "pct2ResTime" : 30449.399999999972,
    "pct3ResTime" : 72928.0,
    "throughput" : 2.2687335516817506,
    "receivedKBytesPerSec" : 324.6984630748146,
    "sentKBytesPerSec" : 0.3500584972321451
  },
  "Fitness Equipment" : {
    "transaction" : "Fitness Equipment",
    "sampleCount" : 275,
    "errorCount" : 128,
    "errorPct" : 46.545456,
    "meanResTime" : 2230.632727272728,
    "medianResTime" : 929.0,
    "minResTime" : 358.0,
    "maxResTime" : 100149.0,
    "pct1ResTime" : 1905.0000000000002,
    "pct2ResTime" : 3840.999999999978,
    "pct3ResTime" : 46596.32000000004,
    "throughput" : 2.283446260130198,
    "receivedKBytesPerSec" : 164.87055292353776,
    "sentKBytesPerSec" : 0.365708190098977
  },
  "Bags" : {
    "transaction" : "Bags",
    "sampleCount" : 275,
    "errorCount" : 138,
    "errorPct" : 50.18182,
    "meanResTime" : 2256.1272727272726,
    "medianResTime" : 948.0,
    "minResTime" : 352.0,
    "maxResTime" : 100157.0,
    "pct1ResTime" : 1547.6,
    "pct2ResTime" : 2064.2,
    "pct3ResTime" : 88686.00000000012,
    "throughput" : 2.296335882962023,
    "receivedKBytesPerSec" : 169.51248136836568,
    "sentKBytesPerSec" : 0.33861984211647017
  },
  "Women Bottoms" : {
    "transaction" : "Women Bottoms",
    "sampleCount" : 275,
    "errorCount" : 144,
    "errorPct" : 52.363636,
    "meanResTime" : 1299.6581818181824,
    "medianResTime" : 974.0,
    "minResTime" : 363.0,
    "maxResTime" : 47397.0,
    "pct1ResTime" : 1534.2,
    "pct2ResTime" : 2242.9999999999986,
    "pct3ResTime" : 11756.36000000017,
    "throughput" : 2.302507640138988,
    "receivedKBytesPerSec" : 238.5013537044208,
    "sentKBytesPerSec" : 0.36201536138904006
  },
  "Total" : {
    "transaction" : "Total",
    "sampleCount" : 2475,
    "errorCount" : 1025,
    "errorPct" : 41.414143,
    "meanResTime" : 4691.72484848485,
    "medianResTime" : 1009.0,
    "minResTime" : 352.0,
    "maxResTime" : 100678.0,
    "pct1ResTime" : 2468.600000000001,
    "pct2ResTime" : 37665.2,
    "pct3ResTime" : 87458.75999999982,
    "throughput" : 19.592941791151116,
    "receivedKBytesPerSec" : 2021.6697441438873,
    "sentKBytesPerSec" : 2.9721064045170635
  },
  "Watches" : {
    "transaction" : "Watches",
    "sampleCount" : 275,
    "errorCount" : 133,
    "errorPct" : 48.363636,
    "meanResTime" : 2194.9454545454532,
    "medianResTime" : 951.0,
    "minResTime" : 355.0,
    "maxResTime" : 100170.0,
    "pct1ResTime" : 1941.0000000000007,
    "pct2ResTime" : 3937.0,
    "pct3ResTime" : 93676.72000000003,
    "throughput" : 2.2897013396834383,
    "receivedKBytesPerSec" : 138.6972194569453,
    "sentKBytesPerSec" : 0.3443496155383296
  },
  "Men Pants" : {
    "transaction" : "Men Pants",
    "sampleCount" : 275,
    "errorCount" : 122,
    "errorPct" : 44.363636,
    "meanResTime" : 2752.2799999999993,
    "medianResTime" : 938.0,
    "minResTime" : 352.0,
    "maxResTime" : 100159.0,
    "pct1ResTime" : 1881.0000000000002,
    "pct2ResTime" : 4511.999999999991,
    "pct3ResTime" : 91324.0000000001,
    "throughput" : 2.2756235208447118,
    "receivedKBytesPerSec" : 274.6164847072927,
    "sentKBytesPerSec" : 0.3488993093482614
  },
  "Tops Men" : {
    "transaction" : "Tops Men",
    "sampleCount" : 275,
    "errorCount" : 150,
    "errorPct" : 54.545456,
    "meanResTime" : 1058.0290909090904,
    "medianResTime" : 860.0,
    "minResTime" : 359.0,
    "maxResTime" : 30824.0,
    "pct1ResTime" : 1516.4000000000003,
    "pct2ResTime" : 1869.1999999999998,
    "pct3ResTime" : 6627.440000000135,
    "throughput" : 2.3081507096514273,
    "receivedKBytesPerSec" : 223.87377490966736,
    "sentKBytesPerSec" : 0.3471242278186717
  }
}