{
  "ub-exchange student" : {
    "transaction" : "ub-exchange student",
    "sampleCount" : 100,
    "errorCount" : 4,
    "errorPct" : 4.0,
    "meanResTime" : 2147.480000000001,
    "medianResTime" : 1571.0,
    "minResTime" : 0.0,
    "maxResTime" : 12394.0,
    "pct1ResTime" : 4475.600000000001,
    "pct2ResTime" : 6647.399999999991,
    "pct3ResTime" : 12366.129999999986,
    "throughput" : 0.7905200831627128,
    "receivedKBytesPerSec" : 64.71971709015486,
    "sentKBytesPerSec" : 0.12450691309812727
  },
  "ub-transportation" : {
    "transaction" : "ub-transportation",
    "sampleCount" : 100,
    "errorCount" : 7,
    "errorPct" : 7.0,
    "meanResTime" : 1936.0799999999997,
    "medianResTime" : 1463.5,
    "minResTime" : 0.0,
    "maxResTime" : 8380.0,
    "pct1ResTime" : 4490.000000000003,
    "pct2ResTime" : 6039.649999999998,
    "pct3ResTime" : 8370.719999999996,
    "throughput" : 0.7775324231020434,
    "receivedKBytesPerSec" : 57.909620177841106,
    "sentKBytesPerSec" : 0.11227902285556558
  },
  "ub homepage" : {
    "transaction" : "ub homepage",
    "sampleCount" : 100,
    "errorCount" : 0,
    "errorPct" : 0.0,
    "meanResTime" : 6561.570000000003,
    "medianResTime" : 5583.5,
    "minResTime" : 1813.0,
    "maxResTime" : 19583.0,
    "pct1ResTime" : 12335.6,
    "pct2ResTime" : 13652.799999999992,
    "pct3ResTime" : 19552.909999999985,
    "throughput" : 0.837065249236178,
    "receivedKBytesPerSec" : 126.86058187806051,
    "sentKBytesPerSec" : 0.09564124429749299
  },
  "ub-fee and scholarships" : {
    "transaction" : "ub-fee and scholarships",
    "sampleCount" : 100,
    "errorCount" : 5,
    "errorPct" : 5.0,
    "meanResTime" : 1593.6999999999996,
    "medianResTime" : 1104.5,
    "minResTime" : 1.0,
    "maxResTime" : 7963.0,
    "pct1ResTime" : 3555.1000000000004,
    "pct2ResTime" : 4360.999999999996,
    "pct3ResTime" : 7959.979999999999,
    "throughput" : 0.7753019801212572,
    "receivedKBytesPerSec" : 58.41646781382286,
    "sentKBytesPerSec" : 0.10429477320478826
  },
  "ub-faculties and schools" : {
    "transaction" : "ub-faculties and schools",
    "sampleCount" : 100,
    "errorCount" : 3,
    "errorPct" : 3.0,
    "meanResTime" : 1923.3400000000006,
    "medianResTime" : 1286.5,
    "minResTime" : 2.0,
    "maxResTime" : 10787.0,
    "pct1ResTime" : 4324.800000000001,
    "pct2ResTime" : 6743.299999999995,
    "pct3ResTime" : 10758.849999999986,
    "throughput" : 0.7740297537037323,
    "receivedKBytesPerSec" : 62.709245035566674,
    "sentKBytesPerSec" : 0.10631570786956052
  },
  "ub-finance" : {
    "transaction" : "ub-finance",
    "sampleCount" : 100,
    "errorCount" : 4,
    "errorPct" : 4.0,
    "meanResTime" : 1763.0299999999993,
    "medianResTime" : 1209.5,
    "minResTime" : 1.0,
    "maxResTime" : 9154.0,
    "pct1ResTime" : 3143.8,
    "pct2ResTime" : 6210.999999999989,
    "pct3ResTime" : 9140.739999999993,
    "throughput" : 0.8074087829927414,
    "receivedKBytesPerSec" : 61.13245137380605,
    "sentKBytesPerSec" : 0.11732658877863274
  },
  "ub-health center" : {
    "transaction" : "ub-health center",
    "sampleCount" : 100,
    "errorCount" : 5,
    "errorPct" : 5.0,
    "meanResTime" : 2190.9500000000003,
    "medianResTime" : 1567.0,
    "minResTime" : 0.0,
    "maxResTime" : 13443.0,
    "pct1ResTime" : 4212.700000000001,
    "pct2ResTime" : 6308.749999999989,
    "pct3ResTime" : 13439.189999999999,
    "throughput" : 0.7755485066813503,
    "receivedKBytesPerSec" : 60.82712520891338,
    "sentKBytesPerSec" : 0.11368147544225653
  },
  "ub-httc application form" : {
    "transaction" : "ub-httc application form",
    "sampleCount" : 100,
    "errorCount" : 7,
    "errorPct" : 7.0,
    "meanResTime" : 1592.1099999999997,
    "medianResTime" : 928.5,
    "minResTime" : 1.0,
    "maxResTime" : 9980.0,
    "pct1ResTime" : 3898.8,
    "pct2ResTime" : 4738.249999999994,
    "pct3ResTime" : 9955.009999999987,
    "throughput" : 0.771992125680318,
    "receivedKBytesPerSec" : 44.536278503396765,
    "sentKBytesPerSec" : 0.12830599596634115
  },
  "ub-job opportunities" : {
    "transaction" : "ub-job opportunities",
    "sampleCount" : 100,
    "errorCount" : 3,
    "errorPct" : 3.0,
    "meanResTime" : 2333.14,
    "medianResTime" : 1410.0,
    "minResTime" : 1.0,
    "maxResTime" : 14160.0,
    "pct1ResTime" : 4428.1,
    "pct2ResTime" : 8293.749999999984,
    "pct3ResTime" : 14159.56,
    "throughput" : 0.8282602393672092,
    "receivedKBytesPerSec" : 73.07447289000704,
    "sentKBytesPerSec" : 0.12082569780925166
  },
  "ub-sports" : {
    "transaction" : "ub-sports",
    "sampleCount" : 100,
    "errorCount" : 3,
    "errorPct" : 3.0,
    "meanResTime" : 1798.6499999999999,
    "medianResTime" : 1274.5,
    "minResTime" : 49.0,
    "maxResTime" : 9216.0,
    "pct1ResTime" : 3800.2000000000007,
    "pct2ResTime" : 5822.9499999999825,
    "pct3ResTime" : 9215.6,
    "throughput" : 0.8128032772228138,
    "receivedKBytesPerSec" : 64.53422276448619,
    "sentKBytesPerSec" : 0.11780091247327909
  },
  "ub-news" : {
    "transaction" : "ub-news",
    "sampleCount" : 100,
    "errorCount" : 5,
    "errorPct" : 5.0,
    "meanResTime" : 1935.07,
    "medianResTime" : 1408.0,
    "minResTime" : 1.0,
    "maxResTime" : 9039.0,
    "pct1ResTime" : 4133.200000000001,
    "pct2ResTime" : 5091.349999999997,
    "pct3ResTime" : 9006.899999999983,
    "throughput" : 0.8199678572599954,
    "receivedKBytesPerSec" : 67.65655684734658,
    "sentKBytesPerSec" : 0.10649973146052674
  },
  "ub-FET" : {
    "transaction" : "ub-FET",
    "sampleCount" : 100,
    "errorCount" : 5,
    "errorPct" : 5.0,
    "meanResTime" : 1851.3599999999997,
    "medianResTime" : 1189.0,
    "minResTime" : 1.0,
    "maxResTime" : 8497.0,
    "pct1ResTime" : 5033.700000000005,
    "pct2ResTime" : 6155.499999999999,
    "pct3ResTime" : 8493.829999999998,
    "throughput" : 0.7726721320342139,
    "receivedKBytesPerSec" : 63.37805434879193,
    "sentKBytesPerSec" : 0.13404805103113096
  },
  "Total" : {
    "transaction" : "Total",
    "sampleCount" : 1600,
    "errorCount" : 73,
    "errorPct" : 4.5625,
    "meanResTime" : 2197.6993750000015,
    "medianResTime" : 1391.0,
    "minResTime" : 0.0,
    "maxResTime" : 19583.0,
    "pct1ResTime" : 4813.0,
    "pct2ResTime" : 7075.899999999992,
    "pct3ResTime" : 12185.220000000003,
    "throughput" : 11.341565419567035,
    "receivedKBytesPerSec" : 934.7627605348079,
    "sentKBytesPerSec" : 1.628321782805478
  },
  "why us" : {
    "transaction" : "why us",
    "sampleCount" : 100,
    "errorCount" : 10,
    "errorPct" : 10.0,
    "meanResTime" : 1963.0,
    "medianResTime" : 1410.5,
    "minResTime" : 1.0,
    "maxResTime" : 8210.0,
    "pct1ResTime" : 4196.0,
    "pct2ResTime" : 4950.9,
    "pct3ResTime" : 8186.829999999988,
    "throughput" : 0.8577800651912849,
    "receivedKBytesPerSec" : 69.61907193558072,
    "sentKBytesPerSec" : 0.10253152341739578
  },
  "ub-Admission requirements" : {
    "transaction" : "ub-Admission requirements",
    "sampleCount" : 100,
    "errorCount" : 3,
    "errorPct" : 3.0,
    "meanResTime" : 1987.8700000000006,
    "medianResTime" : 1307.5,
    "minResTime" : 0.0,
    "maxResTime" : 9955.0,
    "pct1ResTime" : 4327.000000000001,
    "pct2ResTime" : 7088.099999999993,
    "pct3ResTime" : 9948.379999999997,
    "throughput" : 0.7761082826275922,
    "receivedKBytesPerSec" : 60.632345440460846,
    "sentKBytesPerSec" : 0.12718626065208616
  },
  "ub-announcements" : {
    "transaction" : "ub-announcements",
    "sampleCount" : 100,
    "errorCount" : 6,
    "errorPct" : 6.0,
    "meanResTime" : 1627.2599999999995,
    "medianResTime" : 933.5,
    "minResTime" : 1.0,
    "maxResTime" : 11910.0,
    "pct1ResTime" : 3888.5000000000005,
    "pct2ResTime" : 5792.39999999999,
    "pct3ResTime" : 11877.409999999983,
    "throughput" : 0.824565454005739,
    "receivedKBytesPerSec" : 51.3029728547899,