{
  "Academic Structure-1" : {
    "transaction" : "Academic Structure-1",
    "sampleCount" : 100,
    "errorCount" : 0,
    "errorPct" : 0.0,
    "meanResTime" : 719.4599999999999,
    "medianResTime" : 885.5,
    "minResTime" : 339.0,
    "maxResTime" : 2629.0,
    "pct1ResTime" : 1014.8,
    "pct2ResTime" : 1073.4499999999994,
    "pct3ResTime" : 2627.5999999999995,
    "throughput" : 1.723543605653223,
    "receivedKBytesPerSec" : 2.3911137861944156,
    "sentKBytesPerSec" : 0.23564072733540156
  },
  "Academic Structure-2" : {
    "transaction" : "Academic Structure-2",
    "sampleCount" : 100,
    "errorCount" : 0,
    "errorPct" : 0.0,
    "meanResTime" : 777.0999999999997,
    "medianResTime" : 658.0,
    "minResTime" : 362.0,
    "maxResTime" : 10335.0,
    "pct1ResTime" : 811.8000000000002,
    "pct2ResTime" : 928.7499999999995,
    "pct3ResTime" : 10250.089999999956,
    "throughput" : 1.741219898661002,
    "receivedKBytesPerSec" : 23.978230398216994,
    "sentKBytesPerSec" : 0.20234879681705004
  },
  "Homepage" : {
    "transaction" : "Homepage",
    "sampleCount" : 100,
    "errorCount" : 2,
    "errorPct" : 2.0,
    "meanResTime" : 1526.4300000000003,
    "medianResTime" : 1411.0,
    "minResTime" : 600.0,
    "maxResTime" : 12292.0,
    "pct1ResTime" : 1598.0,
    "pct2ResTime" : 1738.5499999999993,
    "pct3ResTime" : 12195.47999999995,
    "throughput" : 1.7081461489845071,
    "receivedKBytesPerSec" : 27.281345949771964,
    "sentKBytesPerSec" : 0.6106956104914336
  },
  "Academic Structure-0" : {
    "transaction" : "Academic Structure-0",
    "sampleCount" : 100,
    "errorCount" : 0,
    "errorPct" : 0.0,
    "meanResTime" : 516.2500000000003,
    "medianResTime" : 589.5,
    "minResTime" : 329.0,
    "maxResTime" : 1265.0,
    "pct1ResTime" : 682.0,
    "pct2ResTime" : 707.5999999999999,
    "pct3ResTime" : 1260.0199999999975,
    "throughput" : 1.7146482399135816,
    "receivedKBytesPerSec" : 1.9428438084052058,
    "sentKBytesPerSec" : 0.234424564050685
  },
  "CA Results-1" : {
    "transaction" : "CA Results-1",
    "sampleCount" : 100,
    "errorCount" : 1,
    "errorPct" : 1.0,
    "meanResTime" : 401.6499999999999,
    "medianResTime" : 378.0,
    "minResTime" : 0.0,
    "maxResTime" : 1346.0,
    "pct1ResTime" : 451.30000000000007,
    "pct2ResTime" : 499.2999999999996,
    "pct3ResTime" : 1345.4899999999998,
    "throughput" : 1.7473047823731893,
    "receivedKBytesPerSec" : 2.443735420925722,
    "sentKBytesPerSec" : 0.222986122031766
  },
  "CA Results-2" : {
    "transaction" : "CA Results-2",
    "sampleCount" : 99,
    "errorCount" : 0,
    "errorPct" : 0.0,
    "meanResTime" : 744.3838383838387,
    "medianResTime" : 654.0,
    "minResTime" : 359.0,
    "maxResTime" : 12235.0,
    "pct1ResTime" : 726.0,
    "pct2ResTime" : 763.0,
    "pct3ResTime" : 12235.0,
    "throughput" : 1.7227877838684416,
    "receivedKBytesPerSec" : 23.72527707082572,
    "sentKBytesPerSec" : 0.20020678347689896
  },
  "Final Results-1" : {
    "transaction" : "Final Results-1",
    "sampleCount" : 100,
    "errorCount" : 1,
    "errorPct" : 1.0,
    "meanResTime" : 413.8099999999999,
    "medianResTime" : 384.5,
    "minResTime" : 1.0,
    "maxResTime" : 1317.0,
    "pct1ResTime" : 454.9,
    "pct2ResTime" : 534.8499999999997,
    "pct3ResTime" : 1316.85,
    "throughput" : 1.7410380068596898,
    "receivedKBytesPerSec" : 2.433967733124989,
    "sentKBytesPerSec" : 0.22555283397461567
  },
  "CA Results-0" : {
    "transaction" : "CA Results-0",
    "sampleCount" : 100,
    "errorCount" : 0,
    "errorPct" : 0.0,
    "meanResTime" : 375.6800000000001,
    "medianResTime" : 364.0,
    "minResTime" : 331.0,
    "maxResTime" : 612.0,
    "pct1ResTime" : 414.5,
    "pct2ResTime" : 449.0,
    "pct3ResTime" : 611.0199999999995,
    "throughput" : 1.7477628635346756,
    "receivedKBytesPerSec" : 1.9122471478694771,
    "sentKBytesPerSec" : 0.22529755662751677
  },
  "Final Results-2" : {
    "transaction" : "Final Results-2",
    "sampleCount" : 99,
    "errorCount" : 0,
    "errorPct" : 0.0,
    "meanResTime" : 786.6161616161614,
    "medianResTime" : 663.0,
    "minResTime" : 365.0,
    "maxResTime" : 9920.0,
    "pct1ResTime" : 821.0,
    "pct2ResTime" : 935.0,
    "pct3ResTime" : 9920.0,
    "throughput" : 1.7207515686649402,
    "receivedKBytesPerSec" : 23.697608872299377,
    "sentKBytesPerSec" : 0.1999701529991483
  },
  "Login" : {
    "transaction" : "Login",
    "sampleCount" : 100,
    "errorCount" : 1,
    "errorPct" : 1.0,
    "meanResTime" : 1209.1,
    "medianResTime" : 1022.0,
    "minResTime" : 658.0,
    "maxResTime" : 10980.0,
    "pct1ResTime" : 1177.8000000000002,
    "pct2ResTime" : 1251.4499999999996,
    "pct3ResTime" : 10975.549999999997,
    "throughput" : 1.7206669305022628,
    "receivedKBytesPerSec" : 25.226355078978614,
    "sentKBytesPerSec" : 0.3812016600134212
  },
  "Login-0" : {
    "transaction" : "Login-0",
    "sampleCount" : 100,
    "errorCount" : 0,
    "errorPct" : 0.0,
    "meanResTime" : 379.04999999999995,
    "medianResTime" : 360.0,
    "minResTime" : 336.0,
    "maxResTime" : 657.0,
    "pct1ResTime" : 409.9,
    "pct2ResTime" : 489.44999999999965,
    "pct3ResTime" : 656.7399999999999,
    "throughput" : 1.7387977952043956,
    "receivedKBytesPerSec" : 1.7407845075289943,
    "sentKBytesPerSec" : 0.19357709829423936
  },
  "Login-1" : {
    "transaction" : "Login-1",
    "sampleCount" : 100,
    "errorCount" : 1,
    "errorPct" : 1.0,
    "meanResTime" : 829.9900000000001,
    "medianResTime" : 653.0,
    "minResTime" : 1.0,
    "maxResTime" : 10614.0,
    "pct1ResTime" : 747.9000000000001,
    "pct2ResTime" : 820.75,
    "pct3ResTime" : 10609.429999999998,
    "throughput" : 1.731571747675365,
    "receivedKBytesPerSec" : 23.65267822743329,
    "sentKBytesPerSec" : 0.19084490961195477
  },
  "Academic Structure" : {
    "transaction" : "Academic Structure",
    "sampleCount" : 100,
    "errorCount" : 0,
    "errorPct" : 0.0,
    "meanResTime" : 2013.33,
    "medianResTime" : 2128.5,
    "minResTime" : 1057.0,
    "maxResTime" : 11148.0,
    "pct1ResTime" : 2500.5000000000005,
    "pct2ResTime" : 2906.299999999996,
    "pct3ResTime" : 11077.819999999963,
    "throughput" : 1.685601591207902,
    "receivedKBytesPerSec" : 27.460721532296127,
    "sentKBytesPerSec" : 0.6567920262616728
  },
  "Final Results-0" : {
    "transaction" : "Final Results-0",
    "sampleCount" : 100,
    "errorCount" : 0,
    "errorPct" : 0.0,
    "meanResTime" : 371.78000000000003,
    "medianResTime" : 360.0,
    "minResTime" : 335.0,
    "maxResTime" : 682.0,
    "pct1ResTime" : 408.6,
    "pct2ResTime" : 428.34999999999985,
    "pct3ResTime" : 680.169999999999,
    "throughput" : 1.74128053770743,
    "receivedKBytesPerSec" : 1.922635585897369,
    "sentKBytesPerSec" : 0.22786288286405823
  },
  "CA Results" : {
    "transaction" : "CA Results",
    "sampleCount" : 100,
    "errorCount" : 1,
    "errorPct" : 1.0,
    "meanResTime" : 1514.5100000000007,
    "medianResTime" : 1407.5,
    "minResTime" : 612.0,
    "maxResTime" : 12999.0,
    "pct1ResTime" : 1535.8,
    "pct2ResTime" : 1664.5499999999993,
    "pct3ResTime" : 12893.549999999947,
    "throughput" : 1.7182130584192439,
    "receivedKBytesPerSec" : 27.70861858354811,
    "sentKBytesPerSec" : 0.6384403189432989
  },
  "Total" : {
    "transaction" : "Total",
    "sampleCount" : 1896,
    "errorCount" : 10,
    "errorPct" : 0.5274262,
    "meanResTime" : 825.6640295358646,
    "medianResTime" : 628.0,
    "minResTime" : 0.0,
    "maxResTime" : 12999.0,
    "pct1ResTime" : 1436.0,
    "pct2ResTime" : 1655.099999999998,
    "pct3ResTime" : 2663.0699999999924,
    "throughput" : 29.473029690657548,
    "receivedKBytesPerSec" : 246.186776193067,
    "sentKBytesPerSec" : 5.334189919166796
  },
  "Homepage-2" : {
    "transaction" : "Homepage-2",
    "sampleCount" : 98,
    "errorCount" : 0,
    "errorPct" : 0.0,
    "meanResTime" : 770.0102040816328,