{
  "Academic Structure-1" : {
    "transaction" : "Academic Structure-1",
    "sampleCount" : 100,
    "errorCount" : 0,
    "errorPct" : 0.0,
    "meanResTime" : 669.3799999999998,
    "medianResTime" : 681.0,
    "minResTime" : 338.0,
    "maxResTime" : 1313.0,
    "pct1ResTime" : 972.8,
    "pct2ResTime" : 1117.8499999999995,
    "pct3ResTime" : 1312.79,
    "throughput" : 1.784981168448673,
    "receivedKBytesPerSec" : 2.476905411616657,
    "sentKBytesPerSec" : 0.24404039412384199
  },
  "Academic Structure-2" : {
    "transaction" : "Academic Structure-2",
    "sampleCount" : 100,
    "errorCount" : 0,
    "errorPct" : 0.0,
    "meanResTime" : 664.1000000000001,
    "medianResTime" : 617.0,
    "minResTime" : 413.0,
    "maxResTime" : 4027.0,
    "pct1ResTime" : 668.0,
    "pct2ResTime" : 711.4999999999999,
    "pct3ResTime" : 4002.139999999987,
    "throughput" : 1.807305127324646,
    "receivedKBytesPerSec" : 24.8897685068045,
    "sentKBytesPerSec" : 0.210028623194954
  },
  "Homepage" : {
    "transaction" : "Homepage",
    "sampleCount" : 100,
    "errorCount" : 0,
    "errorPct" : 0.0,
    "meanResTime" : 1384.5599999999997,
    "medianResTime" : 1375.0,
    "minResTime" : 1055.0,
    "maxResTime" : 1758.0,
    "pct1ResTime" : 1495.8,
    "pct2ResTime" : 1545.6999999999998,
    "pct3ResTime" : 1756.8399999999995,
    "throughput" : 1.7668781030796685,
    "receivedKBytesPerSec" : 28.665561171528527,
    "sentKBytesPerSec" : 0.6401482189868721
  },
  "Academic Structure-0" : {
    "transaction" : "Academic Structure-0",
    "sampleCount" : 100,
    "errorCount" : 0,
    "errorPct" : 0.0,
    "meanResTime" : 501.32,
    "medianResTime" : 586.5,
    "minResTime" : 326.0,
    "maxResTime" : 728.0,
    "pct1ResTime" : 653.4000000000001,
    "pct2ResTime" : 687.9,
    "pct3ResTime" : 727.9499999999999,
    "throughput" : 1.773804455796793,
    "receivedKBytesPerSec" : 2.0109815125230597,
    "sentKBytesPerSec" : 0.2425123279409678
  },
  "CA Results-1" : {
    "transaction" : "CA Results-1",
    "sampleCount" : 100,
    "errorCount" : 0,
    "errorPct" : 0.0,
    "meanResTime" : 379.00000000000006,
    "medianResTime" : 370.5,
    "minResTime" : 341.0,
    "maxResTime" : 648.0,
    "pct1ResTime" : 409.8,
    "pct2ResTime" : 438.84999999999997,
    "pct3ResTime" : 646.6499999999993,
    "throughput" : 1.8171906232963837,
    "receivedKBytesPerSec" : 2.5200032936580046,
    "sentKBytesPerSec" : 0.23424722878429946
  },
  "CA Results-2" : {
    "transaction" : "CA Results-2",
    "sampleCount" : 100,
    "errorCount" : 0,
    "errorPct" : 0.0,
    "meanResTime" : 630.4100000000001,
    "medianResTime" : 618.5,
    "minResTime" : 352.0,
    "maxResTime" : 989.0,
    "pct1ResTime" : 684.9000000000001,
    "pct2ResTime" : 730.2999999999998,
    "pct3ResTime" : 988.7399999999999,
    "throughput" : 1.8103479488757739,
    "receivedKBytesPerSec" : 24.930718832597126,
    "sentKBytesPerSec" : 0.21038223234005576
  },
  "Final Results-1" : {
    "transaction" : "Final Results-1",
    "sampleCount" : 100,
    "errorCount" : 0,
    "errorPct" : 0.0,
    "meanResTime" : 379.9000000000001,
    "medianResTime" : 372.0,
    "minResTime" : 336.0,
    "maxResTime" : 614.0,
    "pct1ResTime" : 424.70000000000005,
    "pct2ResTime" : 447.79999999999995,
    "pct3ResTime" : 612.4499999999991,
    "throughput" : 1.8136970400464305,
    "receivedKBytesPerSec" : 2.515689896347214,
    "sentKBytesPerSec" : 0.23733926109982587
  },
  "CA Results-0" : {
    "transaction" : "CA Results-0",
    "sampleCount" : 100,
    "errorCount" : 0,
    "errorPct" : 0.0,
    "meanResTime" : 369.7800000000001,
    "medianResTime" : 358.0,
    "minResTime" : 330.0,
    "maxResTime" : 617.0,
    "pct1ResTime" : 401.8,
    "pct2ResTime" : 449.84999999999997,
    "pct3ResTime" : 616.6899999999998,
    "throughput" : 1.8162005085361426,
    "receivedKBytesPerSec" : 1.9866998785415908,
    "sentKBytesPerSec" : 0.2341195968034871
  },
  "Final Results-2" : {
    "transaction" : "Final Results-2",
    "sampleCount" : 100,
    "errorCount" : 0,
    "errorPct" : 0.0,
    "meanResTime" : 645.6100000000006,
    "medianResTime" : 621.0,
    "minResTime" : 354.0,
    "maxResTime" : 1795.0,
    "pct1ResTime" : 689.6,
    "pct2ResTime" : 720.5999999999999,
    "pct3ResTime" : 1792.3899999999987,
    "throughput" : 1.8049889895671636,
    "receivedKBytesPerSec" : 24.85639056351756,
    "sentKBytesPerSec" : 0.2097594626547778
  },
  "Login" : {
    "transaction" : "Login",
    "sampleCount" : 100,
    "errorCount" : 0,
    "errorPct" : 0.0,
    "meanResTime" : 1001.9799999999999,
    "medianResTime" : 989.0,
    "minResTime" : 712.0,
    "maxResTime" : 1379.0,
    "pct1ResTime" : 1070.9,
    "pct2ResTime" : 1175.3499999999992,
    "pct3ResTime" : 1378.1799999999996,
    "throughput" : 1.7849174475680498,
    "receivedKBytesPerSec" : 26.368355365908076,
    "sentKBytesPerSec" : 0.39742302543507363
  },
  "Login-0" : {
    "transaction" : "Login-0",
    "sampleCount" : 100,
    "errorCount" : 0,
    "errorPct" : 0.0,
    "meanResTime" : 375.84999999999997,
    "medianResTime" : 361.5,
    "minResTime" : 323.0,
    "maxResTime" : 670.0,
    "pct1ResTime" : 409.40000000000003,
    "pct2ResTime" : 456.34999999999985,
    "pct3ResTime" : 669.7399999999999,
    "throughput" : 1.8047283883775491,
    "receivedKBytesPerSec" : 1.8066318128496663,
    "sentKBytesPerSec" : 0.20091702761234437
  },
  "Login-1" : {
    "transaction" : "Login-1",
    "sampleCount" : 100,
    "errorCount" : 0,
    "errorPct" : 0.0,
    "meanResTime" : 625.9799999999998,
    "medianResTime" : 624.5,
    "minResTime" : 350.0,
    "maxResTime" : 1026.0,
    "pct1ResTime" : 671.5,
    "pct2ResTime" : 691.0,
    "pct3ResTime" : 1023.2599999999986,
    "throughput" : 1.7963318902800482,
    "receivedKBytesPerSec" : 24.738752997628843,
    "sentKBytesPerSec" : 0.1999822612225835
  },
  "Academic Structure" : {
    "transaction" : "Academic Structure",
    "sampleCount" : 100,
    "errorCount" : 0,
    "errorPct" : 0.0,
    "meanResTime" : 1835.67,
    "medianResTime" : 2077.5,
    "minResTime" : 1134.0,
    "maxResTime" : 5786.0,
    "pct1ResTime" : 2248.4,
    "pct2ResTime" : 2509.5999999999985,
    "pct3ResTime" : 5754.439999999984,
    "throughput" : 1.7437095677343981,
    "receivedKBytesPerSec" : 28.410443893965024,
    "sentKBytesPerSec" : 0.6794337085215088
  },
  "Final Results-0" : {
    "transaction" : "Final Results-0",
    "sampleCount" : 100,
    "errorCount" : 0,
    "errorPct" : 0.0,
    "meanResTime" : 369.0999999999999,
    "medianResTime" : 359.0,
    "minResTime" : 328.0,
    "maxResTime" : 547.0,
    "pct1ResTime" : 409.70000000000005,
    "pct2ResTime" : 459.95,
    "pct3ResTime" : 546.8399999999999,
    "throughput" : 1.8123493484604092,
    "receivedKBytesPerSec" : 2.0002744010185403,
    "sentKBytesPerSec" : 0.23716290302118637
  },
  "CA Results" : {
    "transaction" : "CA Results",
    "sampleCount" : 100,
    "errorCount" : 0,
    "errorPct" : 0.0,
    "meanResTime" : 1379.4600000000007,
    "medianResTime" : 1363.5,
    "minResTime" : 1124.0,
    "maxResTime" : 1759.0,
    "pct1ResTime" : 1477.2,
    "pct2ResTime" : 1627.2999999999993,
    "pct3ResTime" : 1758.5799999999997,
    "throughput" : 1.785778063502268,
    "receivedKBytesPerSec" : 29.02222442654202,
    "sentKBytesPerSec" : 0.6679228499232116
  },
  "Total" : {
    "transaction" : "Total",
    "sampleCount" : 1900,
    "errorCount" : 0,
    "errorPct" : 0.0,
    "meanResTime" : 736.3815789473686,
    "medianResTime" : 608.0,
    "minResTime" : 323.0,
    "maxResTime" : 5786.0,
    "pct1ResTime" : 1383.0,
    "pct2ResTime" : 1473.7999999999993,
    "pct3ResTime" : 2214.95,
    "throughput" : 30.52895430297577,
    "receivedKBytesPerSec" : 256.4540431281734,
    "sentKBytesPerSec" : 5.548436596182274
  },
  "Homepage-2" : {
    "transaction" : "Homepage-2",
    "sampleCount" : 100,
    "errorCount" : 0,
    "errorPct" : 0.0,