{
  "ub-exchange student" : {
    "transaction" : "ub-exchange student",
    "sampleCount" : 300,
    "errorCount" : 260,
    "errorPct" : 86.666664,
    "meanResTime" : 17754.370000000003,
    "medianResTime" : 20010.0,
    "minResTime" : 72.0,
    "maxResTime" : 20019.0,
    "pct1ResTime" : 20015.0,
    "pct2ResTime" : 20016.0,
    "pct3ResTime" : 20017.0,
    "throughput" : 1.3710650433256555,
    "receivedKBytesPerSec" : 18.875615801010476,
    "sentKBytesPerSec" : 0.029992047822748714
  },
  "ub-transportation" : {
    "transaction" : "ub-transportation",
    "sampleCount" : 300,
    "errorCount" : 261,
    "errorPct" : 87.0,
    "meanResTime" : 17782.670000000013,
    "medianResTime" : 20009.0,
    "minResTime" : 2.0,
    "maxResTime" : 20017.0,
    "pct1ResTime" : 20016.0,
    "pct2ResTime" : 20017.0,
    "pct3ResTime" : 20017.0,
    "throughput" : 1.271822351853893,
    "receivedKBytesPerSec" : 16.290081945103907,
    "sentKBytesPerSec" : 0.0256724297000195
  },
  "ub homepage" : {
    "transaction" : "ub homepage",
    "sampleCount" : 300,
    "errorCount" : 249,
    "errorPct" : 83.0,
    "meanResTime" : 16856.46666666667,
    "medianResTime" : 20001.0,
    "minResTime" : 849.0,
    "maxResTime" : 20016.0,
    "pct1ResTime" : 20003.0,
    "pct2ResTime" : 20004.0,
    "pct3ResTime" : 20011.97,
    "throughput" : 4.290863321700326,
    "receivedKBytesPerSec" : 119.95199205564535,
    "sentKBytesPerSec" : 0.1127608710810115
  },
  "ub-fee and scholarships" : {
    "transaction" : "ub-fee and scholarships",
    "sampleCount" : 300,
    "errorCount" : 269,
    "errorPct" : 89.666664,
    "meanResTime" : 18226.716666666678,
    "medianResTime" : 20009.0,
    "minResTime" : 2.0,
    "maxResTime" : 20018.0,
    "pct1ResTime" : 20015.9,
    "pct2ResTime" : 20016.95,
    "pct3ResTime" : 20018.0,
    "throughput" : 1.0303967027305514,
    "receivedKBytesPerSec" : 11.00047427764898,
    "sentKBytesPerSec" : 0.015076930920487723
  },
  "ub-faculties and schools" : {
    "transaction" : "ub-faculties and schools",
    "sampleCount" : 300,
    "errorCount" : 273,
    "errorPct" : 91.0,
    "meanResTime" : 18491.203333333353,
    "medianResTime" : 20008.0,
    "minResTime" : 2.0,
    "maxResTime" : 20018.0,
    "pct1ResTime" : 20015.0,
    "pct2ResTime" : 20016.0,
    "pct3ResTime" : 20017.0,
    "throughput" : 0.9744974029644211,
    "receivedKBytesPerSec" : 9.783706494781567,
    "sentKBytesPerSec" : 0.012419131942075874
  },
  "ub-finance" : {
    "transaction" : "ub-finance",
    "sampleCount" : 300,
    "errorCount" : 260,
    "errorPct" : 86.666664,
    "meanResTime" : 17639.61999999999,
    "medianResTime" : 20009.0,
    "minResTime" : 1.0,
    "maxResTime" : 20019.0,
    "pct1ResTime" : 20015.0,
    "pct2ResTime" : 20015.0,
    "pct3ResTime" : 20017.0,
    "throughput" : 1.490305562317127,
    "receivedKBytesPerSec" : 19.234110626002852,
    "sentKBytesPerSec" : 0.030829726069418435
  },
  "ub-health center" : {
    "transaction" : "ub-health center",
    "sampleCount" : 300,
    "errorCount" : 264,
    "errorPct" : 88.0,
    "meanResTime" : 17818.96333333333,
    "medianResTime" : 20009.0,
    "minResTime" : 0.0,
    "maxResTime" : 20018.0,
    "pct1ResTime" : 20015.0,
    "pct2ResTime" : 20016.0,
    "pct3ResTime" : 20017.0,
    "throughput" : 1.1762215060340164,
    "receivedKBytesPerSec" : 14.50777718272405,
    "sentKBytesPerSec" : 0.021778476322661083
  },
  "ub-httc application form" : {
    "transaction" : "ub-httc application form",
    "sampleCount" : 300,
    "errorCount" : 283,
    "errorPct" : 94.333336,
    "meanResTime" : 18768.153333333314,
    "medianResTime" : 20009.0,
    "minResTime" : 1.0,
    "maxResTime" : 20060.0,
    "pct1ResTime" : 20015.0,
    "pct2ResTime" : 20016.0,
    "pct3ResTime" : 20018.0,
    "throughput" : 0.8764241893076249,
    "receivedKBytesPerSec" : 5.363864391615542,
    "sentKBytesPerSec" : 0.008875506682734444
  },
  "ub-job opportunities" : {
    "transaction" : "ub-job opportunities",
    "sampleCount" : 300,
    "errorCount" : 255,
    "errorPct" : 85.0,
    "meanResTime" : 16696.469999999994,
    "medianResTime" : 20008.0,
    "minResTime" : 1.0,
    "maxResTime" : 35432.0,
    "pct1ResTime" : 20015.0,
    "pct2ResTime" : 20016.0,
    "pct3ResTime" : 20017.99,
    "throughput" : 2.8278676934968465,
    "receivedKBytesPerSec" : 44.98551122840216,
    "sentKBytesPerSec" : 0.07938649410389585
  },
  "ub-sports" : {
    "transaction" : "ub-sports",
    "sampleCount" : 300,
    "errorCount" : 262,
    "errorPct" : 87.333336,
    "meanResTime" : 17537.846666666675,
    "medianResTime" : 20007.5,
    "minResTime" : 1.0,
    "maxResTime" : 20022.0,
    "pct1ResTime" : 20015.9,
    "pct2ResTime" : 20016.0,
    "pct3ResTime" : 20017.99,
    "throughput" : 1.6447909470706275,
    "receivedKBytesPerSec" : 20.982285430167657,
    "sentKBytesPerSec" : 0.034405685631106284
  },
  "ub-news" : {
    "transaction" : "ub-news",
    "sampleCount" : 300,
    "errorCount" : 256,
    "errorPct" : 85.333336,
    "meanResTime" : 17317.88666666666,
    "medianResTime" : 20007.0,
    "minResTime" : 1.0,
    "maxResTime" : 20875.0,
    "pct1ResTime" : 20015.0,
    "pct2ResTime" : 20016.0,
    "pct3ResTime" : 20017.0,
    "throughput" : 2.081179890252447,
    "receivedKBytesPerSec" : 31.326093139737356,
    "sentKBytesPerSec" : 0.047422718853408624
  },
  "ub-FET" : {
    "transaction" : "ub-FET",
    "sampleCount" : 300,
    "errorCount" : 278,
    "errorPct" : 92.666664,
    "meanResTime" : 18661.616666666665,
    "medianResTime" : 20009.0,
    "minResTime" : 1.0,
    "maxResTime" : 20018.0,
    "pct1ResTime" : 20015.0,
    "pct2ResTime" : 20016.0,
    "pct3ResTime" : 20017.99,
    "throughput" : 0.9308271329903753,
    "receivedKBytesPerSec" : 8.27854987410563,
    "sentKBytesPerSec" : 0.012465569092195325
  },
  "Total" : {
    "transaction" : "Total",
    "sampleCount" : 4800,
    "errorCount" : 4217,
    "errorPct" : 87.854164,
    "meanResTime" : 17616.291874999966,
    "medianResTime" : 20008.0,
    "minResTime" : 0.0,
    "maxResTime" : 35432.0,
    "pct1ResTime" : 20015.0,
    "pct2ResTime" : 20016.0,
    "pct3ResTime" : 20017.0,
    "throughput" : 12.970799487653421,
    "receivedKBytesPerSec" : 170.62665291137026,
    "sentKBytesPerSec" : 0.26166170719365944
  },
  "why us" : {
    "transaction" : "why us",
    "sampleCount" : 300,
    "errorCount" : 258,
    "errorPct" : 86.0,
    "meanResTime" : 16302.05666666667,
    "medianResTime" : 20002.0,
    "minResTime" : 1.0,
    "maxResTime" : 20449.0,
    "pct1ResTime" : 20013.9,
    "pct2ResTime" : 20016.0,
    "pct3ResTime" : 20018.99,
    "throughput" : 3.4506159349443877,
    "receivedKBytesPerSec" : 51.15977313278545,
    "sentKBytesPerSec" : 0.09776745149009097
  },
  "ub-Admission requirements" : {
    "transaction" : "ub-Admission requirements",
    "sampleCount" : 300,
    "errorCount" : 267,
    "errorPct" : 89.0,
    "meanResTime" : 18030.026666666658,
    "medianResTime" : 20009.0,
    "minResTime" : 1.0,
    "maxResTime" : 20017.0,
    "pct1ResTime" : 20014.0,
    "pct2ResTime" : 20016.0,
    "pct3ResTime" : 20016.99,
    "throughput" : 1.0983700188919643,
    "receivedKBytesPerSec" : 12.436580572763352,
    "sentKBytesPerSec" : 0.020412091269056718
  },
  "ub-announcements" : {
    "transaction" : "ub-announcements",
    "sampleCount" : 300,
    "errorCount" : 260,
    "errorPct" : 86.666664,
    "meanResTime" : 16704.596666666657,
    "medianResTime" : 20007.0,
    "minResTime" : 1.0,
    "maxResTime" : 20018.0,
    "pct1ResTime" : 20015.0,
    "pct2ResTime" : 20016.0,
    "pct3ResTime" : 20017.99,
    "throughput" : 2.399923202457521,
    "receivedKBytesPerSec" : 26.69720818933794,
    "sentKBytesPerSec" : 0.05727941705865412
  },
  "ub-library" : {
    "transaction" : "ub-library",
    "sampleCount" : 300,
    "errorCount" : 262,
    "errorPct" : 87.333336,
    "meanResTime" : 17272.00666666668,
    "medianResTime" : 20008.0,
    "minResTime" : 1.0,