{
  "Academic Structure-1" : {
    "transaction" : "Academic Structure-1",
    "sampleCount" : 100,
    "errorCount" : 0,
    "errorPct" : 0.0,
    "meanResTime" : 700.0799999999998,
    "medianResTime" : 876.0,
    "minResTime" : 342.0,
    "maxResTime" : 2562.0,
    "pct1ResTime" : 1000.7,
    "pct2ResTime" : 1066.0,
    "pct3ResTime" : 2549.7299999999937,
    "throughput" : 1.7295951017866718,
    "receivedKBytesPerSec" : 2.3992727052596985,
    "sentKBytesPerSec" : 0.23646808032239652
  },
  "Academic Structure-2" : {
    "transaction" : "Academic Structure-2",
    "sampleCount" : 100,
    "errorCount" : 0,
    "errorPct" : 0.0,
    "meanResTime" : 637.5400000000003,
    "medianResTime" : 625.0,
    "minResTime" : 416.0,
    "maxResTime" : 934.0,
    "pct1ResTime" : 699.4000000000001,
    "pct2ResTime" : 729.1999999999998,
    "pct3ResTime" : 932.9799999999994,
    "throughput" : 1.7416747944823743,
    "receivedKBytesPerSec" : 23.985175081858717,
    "sentKBytesPerSec" : 0.20240166068691656
  },
  "Homepage" : {
    "transaction" : "Homepage",
    "sampleCount" : 100,
    "errorCount" : 0,
    "errorPct" : 0.0,
    "meanResTime" : 1403.5000000000002,
    "medianResTime" : 1381.5,
    "minResTime" : 1129.0,
    "maxResTime" : 1883.0,
    "pct1ResTime" : 1530.1000000000001,
    "pct2ResTime" : 1597.8999999999992,
    "pct3ResTime" : 1881.8199999999995,
    "throughput" : 1.6883336147222692,
    "receivedKBytesPerSec" : 27.39067380339355,
    "sentKBytesPerSec" : 0.6116911826776972
  },
  "Academic Structure-0" : {
    "transaction" : "Academic Structure-0",
    "sampleCount" : 100,
    "errorCount" : 0,
    "errorPct" : 0.0,
    "meanResTime" : 525.2699999999999,
    "medianResTime" : 591.0,
    "minResTime" : 334.0,
    "maxResTime" : 839.0,
    "pct1ResTime" : 697.5,
    "pct2ResTime" : 741.8499999999997,
    "pct3ResTime" : 838.9399999999999,
    "throughput" : 1.7192765284368339,
    "receivedKBytesPerSec" : 1.9487260698198197,
    "sentKBytesPerSec" : 0.23505733787222335
  },
  "CA Results-1" : {
    "transaction" : "CA Results-1",
    "sampleCount" : 100,
    "errorCount" : 0,
    "errorPct" : 0.0,
    "meanResTime" : 398.23999999999995,
    "medianResTime" : 385.5,
    "minResTime" : 339.0,
    "maxResTime" : 702.0,
    "pct1ResTime" : 439.8,
    "pct2ResTime" : 556.149999999999,
    "pct3ResTime" : 701.1199999999995,
    "throughput" : 1.7485574401119077,
    "receivedKBytesPerSec" : 2.4264308117677915,
    "sentKBytesPerSec" : 0.2253999825144256
  },
  "CA Results-2" : {
    "transaction" : "CA Results-2",
    "sampleCount" : 100,
    "errorCount" : 0,
    "errorPct" : 0.0,
    "meanResTime" : 641.9099999999999,
    "medianResTime" : 621.0,
    "minResTime" : 402.0,
    "maxResTime" : 1579.0,
    "pct1ResTime" : 711.0,
    "pct2ResTime" : 738.6499999999999,
    "pct3ResTime" : 1571.4599999999962,
    "throughput" : 1.7391606810553226,
    "receivedKBytesPerSec" : 23.950484464947216,
    "sentKBytesPerSec" : 0.20210949320857755
  },
  "Final Results-1" : {
    "transaction" : "Final Results-1",
    "sampleCount" : 100,
    "errorCount" : 0,
    "errorPct" : 0.0,
    "meanResTime" : 384.3,
    "medianResTime" : 378.5,
    "minResTime" : 345.0,
    "maxResTime" : 564.0,
    "pct1ResTime" : 422.20000000000005,
    "pct2ResTime" : 442.74999999999994,
    "pct3ResTime" : 562.9399999999995,
    "throughput" : 1.7401291175805245,
    "receivedKBytesPerSec" : 2.41303568787304,
    "sentKBytesPerSec" : 0.22771220874588896
  },
  "CA Results-0" : {
    "transaction" : "CA Results-0",
    "sampleCount" : 100,
    "errorCount" : 0,
    "errorPct" : 0.0,
    "meanResTime" : 385.48999999999984,
    "medianResTime" : 366.5,
    "minResTime" : 334.0,
    "maxResTime" : 919.0,
    "pct1ResTime" : 415.9,
    "pct2ResTime" : 454.9,
    "pct3ResTime" : 916.1199999999985,
    "throughput" : 1.7496282040066486,
    "receivedKBytesPerSec" : 1.9132799514478174,
    "sentKBytesPerSec" : 0.22553801067273205
  },
  "Final Results-2" : {
    "transaction" : "Final Results-2",
    "sampleCount" : 100,
    "errorCount" : 0,
    "errorPct" : 0.0,
    "meanResTime" : 680.6000000000001,
    "medianResTime" : 622.5,
    "minResTime" : 380.0,
    "maxResTime" : 1648.0,
    "pct1ResTime" : 853.5000000000002,
    "pct2ResTime" : 1328.8999999999955,
    "pct3ResTime" : 1646.5099999999993,
    "throughput" : 1.724464984738485,
    "receivedKBytesPerSec" : 23.74888044499819,
    "sentKBytesPerSec" : 0.20040169256238252
  },
  "Login" : {
    "transaction" : "Login",
    "sampleCount" : 100,
    "errorCount" : 0,
    "errorPct" : 0.0,
    "meanResTime" : 1050.2700000000004,
    "medianResTime" : 999.5,
    "minResTime" : 734.0,
    "maxResTime" : 2148.0,
    "pct1ResTime" : 1165.8000000000002,
    "pct2ResTime" : 1600.8499999999985,
    "pct3ResTime" : 2147.5299999999997,
    "throughput" : 1.7068632973185178,
    "receivedKBytesPerSec" : 25.215904872241282,
    "sentKBytesPerSec" : 0.3800437810435762
  },
  "Login-0" : {
    "transaction" : "Login-0",
    "sampleCount" : 100,
    "errorCount" : 0,
    "errorPct" : 0.0,
    "meanResTime" : 380.4300000000002,
    "medianResTime" : 370.0,
    "minResTime" : 327.0,
    "maxResTime" : 983.0,
    "pct1ResTime" : 419.00000000000006,
    "pct2ResTime" : 446.74999999999994,
    "pct3ResTime" : 978.2699999999976,
    "throughput" : 1.7263703064307294,
    "receivedKBytesPerSec" : 1.728191087613293,
    "sentKBytesPerSec" : 0.19219356927060854
  },
  "Login-1" : {
    "transaction" : "Login-1",
    "sampleCount" : 100,
    "errorCount" : 0,
    "errorPct" : 0.0,
    "meanResTime" : 669.6700000000001,
    "medianResTime" : 625.0,
    "minResTime" : 361.0,
    "maxResTime" : 1767.0,
    "pct1ResTime" : 715.9,
    "pct2ResTime" : 1063.5999999999976,
    "pct3ResTime" : 1766.92,
    "throughput" : 1.7176523128188392,
    "receivedKBytesPerSec" : 23.655829711949707,
    "sentKBytesPerSec" : 0.19122301138803482
  },
  "Academic Structure" : {
    "transaction" : "Academic Structure",
    "sampleCount" : 100,
    "errorCount" : 0,
    "errorPct" : 0.0,
    "meanResTime" : 1863.4700000000007,
    "medianResTime" : 2109.5,
    "minResTime" : 1173.0,
    "maxResTime" : 3787.0,
    "pct1ResTime" : 2396.7,
    "pct2ResTime" : 2446.7,
    "pct3ResTime" : 3775.9199999999946,
    "throughput" : 1.6815483697388556,
    "receivedKBytesPerSec" : 27.395740059947197,
    "sentKBytesPerSec" : 0.6552126948494174
  },
  "Final Results-0" : {
    "transaction" : "Final Results-0",
    "sampleCount" : 100,
    "errorCount" : 0,
    "errorPct" : 0.0,
    "meanResTime" : 377.0100000000001,
    "medianResTime" : 362.5,
    "minResTime" : 325.0,
    "maxResTime" : 569.0,
    "pct1ResTime" : 410.0,
    "pct2ResTime" : 457.1499999999998,
    "pct3ResTime" : 568.93,
    "throughput" : 1.7405228530650607,
    "receivedKBytesPerSec" : 1.921000115309639,
    "sentKBytesPerSec" : 0.22776373272531067
  },
  "CA Results" : {
    "transaction" : "CA Results",
    "sampleCount" : 100,
    "errorCount" : 0,
    "errorPct" : 0.0,
    "meanResTime" : 1425.9999999999995,
    "medianResTime" : 1389.0,
    "minResTime" : 1151.0,
    "maxResTime" : 2265.0,
    "pct1ResTime" : 1578.0,
    "pct2ResTime" : 1672.3499999999997,
    "pct3ResTime" : 2261.539999999998,
    "throughput" : 1.7157956144264095,
    "receivedKBytesPerSec" : 27.885968223465223,
    "sentKBytesPerSec" : 0.6417477737551903
  },
  "Total" : {
    "transaction" : "Total",
    "sampleCount" : 1900,
    "errorCount" : 0,
    "errorPct" : 0.0,
    "meanResTime" : 756.272105263159,
    "medianResTime" : 614.0,
    "minResTime" : 325.0,
    "maxResTime" : 3787.0,
    "pct1ResTime" : 1420.0,
    "pct2ResTime" : 1579.0,
    "pct3ResTime" : 2303.99,
    "throughput" : 29.248768472906402,
    "receivedKBytesPerSec" : 245.69993794258008,
    "sentKBytesPerSec" : 5.315771243842365
  },
  "Homepage-2" : {
    "transaction" : "Homepage-2",
    "sampleCount" : 100,
    "errorCount" : 0,
    "errorPct" : 0.0,