{
  "Homepage" : {
    "transaction" : "Homepage",
    "sampleCount" : 2000,
    "errorCount" : 4,
    "errorPct" : 0.2,
    "meanResTime" : 1199.1644999999999,
    "medianResTime" : 1085.0,
    "minResTime" : 732.0,
    "maxResTime" : 13515.0,
    "pct1ResTime" : 1450.0,
    "pct2ResTime" : 1657.4999999999982,
    "pct3ResTime" : 3306.2300000000014,
    "throughput" : 1.0000825068068115,
    "receivedKBytesPerSec" : 96.65079497964832,
    "sentKBytesPerSec" : 0.1335325008063165
  },
  "Yoga Page" : {
    "transaction" : "Yoga Page",
    "sampleCount" : 2000,
    "errorCount" : 0,
    "errorPct" : 0.0,
    "meanResTime" : 923.6409999999985,
    "medianResTime" : 876.0,
    "minResTime" : 604.0,
    "maxResTime" : 8075.0,
    "pct1ResTime" : 1040.0,
    "pct2ResTime" : 1183.8499999999995,
    "pct3ResTime" : 2363.7200000000003,
    "throughput" : 1.0010561142004815,
    "receivedKBytesPerSec" : 251.90166934709868,
    "sentKBytesPerSec" : 0.15837020556687303
  },
  "Tops Women" : {
    "transaction" : "Tops Women",
    "sampleCount" : 2000,
    "errorCount" : 0,
    "errorPct" : 0.0,
    "meanResTime" : 738.2969999999992,
    "medianResTime" : 700.0,
    "minResTime" : 481.0,
    "maxResTime" : 8493.0,
    "pct1ResTime" : 844.0,
    "pct2ResTime" : 939.9499999999998,
    "pct3ResTime" : 1437.8300000000002,
    "throughput" : 1.0011117345812524,
    "receivedKBytesPerSec" : 233.40228650087798,
    "sentKBytesPerSec" : 0.1544684121717167
  },
  "Fitness Equipment" : {
    "transaction" : "Fitness Equipment",
    "sampleCount" : 2000,
    "errorCount" : 0,
    "errorPct" : 0.0,
    "meanResTime" : 586.3454999999997,
    "medianResTime" : 545.0,
    "minResTime" : 458.0,
    "maxResTime" : 3186.0,
    "pct1ResTime" : 717.0,
    "pct2ResTime" : 784.9499999999998,
    "pct3ResTime" : 1109.92,
    "throughput" : 1.0012280061495424,
    "receivedKBytesPerSec" : 133.69805634970666,
    "sentKBytesPerSec" : 0.16035292285988764
  },
  "Bags" : {
    "transaction" : "Bags",
    "sampleCount" : 2000,
    "errorCount" : 0,
    "errorPct" : 0.0,
    "meanResTime" : 641.0255000000019,
    "medianResTime" : 631.0,
    "minResTime" : 453.0,
    "maxResTime" : 5884.0,
    "pct1ResTime" : 757.9000000000001,
    "pct2ResTime" : 864.9499999999998,
    "pct3ResTime" : 1185.8000000000002,
    "throughput" : 1.0012380308251152,
    "receivedKBytesPerSec" : 146.57683454106626,
    "sentKBytesPerSec" : 0.1476434986861254
  },
  "Women Bottoms" : {
    "transaction" : "Women Bottoms",
    "sampleCount" : 2000,
    "errorCount" : 0,
    "errorPct" : 0.0,
    "meanResTime" : 710.2715000000006,
    "medianResTime" : 674.0,
    "minResTime" : 492.0,
    "maxResTime" : 8072.0,
    "pct1ResTime" : 817.0,
    "pct2ResTime" : 920.9499999999998,
    "pct3ResTime" : 1417.92,
    "throughput" : 1.001222993887033,
    "receivedKBytesPerSec" : 215.76439703128622,
    "sentKBytesPerSec" : 0.15741884962481673
  },
  "Total" : {
    "transaction" : "Total",
    "sampleCount" : 18000,
    "errorCount" : 4,
    "errorPct" : 0.022222223,
    "meanResTime" : 755.4363888888885,
    "medianResTime" : 677.0,
    "minResTime" : 450.0,
    "maxResTime" : 13515.0,
    "pct1ResTime" : 1034.0,
    "pct2ResTime" : 1191.9500000000007,
    "pct3ResTime" : 1764.950000000008,
    "throughput" : 8.978850318075771,
    "receivedKBytesPerSec" : 1612.491081943981,
    "sentKBytesPerSec" : 1.3617591731426624
  },
  "Watches" : {
    "transaction" : "Watches",
    "sampleCount" : 2000,
    "errorCount" : 0,
    "errorPct" : 0.0,
    "meanResTime" : 586.4114999999993,
    "medianResTime" : 538.0,
    "minResTime" : 450.0,
    "maxResTime" : 3935.0,
    "pct1ResTime" : 723.9000000000001,
    "pct2ResTime" : 819.9499999999998,
    "pct3ResTime" : 1192.6700000000003,
    "throughput" : 1.001221490218066,
    "receivedKBytesPerSec" : 115.79561879946661,
    "sentKBytesPerSec" : 0.15057432567732634
  },
  "Men Pants" : {
    "transaction" : "Men Pants",
    "sampleCount" : 2000,
    "errorCount" : 0,
    "errorPct" : 0.0,
    "meanResTime" : 713.3294999999986,
    "medianResTime" : 667.0,
    "minResTime" : 481.0,
    "maxResTime" : 9460.0,
    "pct1ResTime" : 811.0,
    "pct2ResTime" : 927.0,
    "pct3ResTime" : 1469.7400000000002,
    "throughput" : 1.0011628506510313,
    "receivedKBytesPerSec" : 212.77425008444183,
    "sentKBytesPerSec" : 0.15349860112520694
  },
  "Tops Men" : {
    "transaction" : "Tops Men",
    "sampleCount" : 2000,
    "errorCount" : 0,
    "errorPct" : 0.0,
    "meanResTime" : 700.4415000000005,
    "medianResTime" : 667.0,
    "minResTime" : 480.0,
    "maxResTime" : 4408.0,
    "pct1ResTime" : 805.9000000000001,
    "pct2ResTime" : 922.0,
    "pct3ResTime" : 1343.8200000000002,
    "throughput" : 1.0012244975605165,
    "receivedKBytesPerSec" : 211.51418917758292,
    "sentKBytesPerSec" : 0.15057477795343704
  }
}