{
  "Homepage" : {
    "transaction" : "Homepage",
    "sampleCount" : 50,
    "errorCount" : 0,
    "errorPct" : 0.0,
    "meanResTime" : 2674.3799999999997,
    "medianResTime" : 2451.0,
    "minResTime" : 1040.0,
    "maxResTime" : 5666.0,
    "pct1ResTime" : 4214.9,
    "pct2ResTime" : 5180.899999999999,
    "pct3ResTime" : 5666.0,
    "throughput" : 0.9644875677552517,
    "receivedKBytesPerSec" : 93.39193399047086,
    "sentKBytesPerSec" : 0.12903788748288034
  },
  "Yoga Page" : {
    "transaction" : "Yoga Page",
    "sampleCount" : 50,
    "errorCount" : 0,
    "errorPct" : 0.0,
    "meanResTime" : 2033.5999999999997,
    "medianResTime" : 1669.5,
    "minResTime" : 846.0,
    "maxResTime" : 4477.0,
    "pct1ResTime" : 3759.7999999999997,
    "pct2ResTime" : 4177.549999999998,
    "pct3ResTime" : 4477.0,
    "throughput" : 0.9583868432654157,
    "receivedKBytesPerSec" : 241.16614414617317,
    "sentKBytesPerSec" : 0.15161979356347396
  },
  "Tops Women" : {
    "transaction" : "Tops Women",
    "sampleCount" : 50,
    "errorCount" : 0,
    "errorPct" : 0.0,
    "meanResTime" : 1419.42,
    "medianResTime" : 1256.0,
    "minResTime" : 659.0,
    "maxResTime" : 3757.0,
    "pct1ResTime" : 1978.5,
    "pct2ResTime" : 2830.699999999997,
    "pct3ResTime" : 3757.0,
    "throughput" : 0.9569377990430622,
    "receivedKBytesPerSec" : 223.10414174641147,
    "sentKBytesPerSec" : 0.1476525119617225
  },
  "Fitness Equipment" : {
    "transaction" : "Fitness Equipment",
    "sampleCount" : 50,
    "errorCount" : 0,
    "errorPct" : 0.0,
    "meanResTime" : 1237.5400000000002,
    "medianResTime" : 1070.0,
    "minResTime" : 507.0,
    "maxResTime" : 3195.0,
    "pct1ResTime" : 1925.6,
    "pct2ResTime" : 2604.1499999999996,
    "pct3ResTime" : 3195.0,
    "throughput" : 0.9525623928367308,
    "receivedKBytesPerSec" : 127.2003447085159,
    "sentKBytesPerSec" : 0.15255882072775767
  },
  "Bags" : {
    "transaction" : "Bags",
    "sampleCount" : 50,
    "errorCount" : 0,
    "errorPct" : 0.0,
    "meanResTime" : 1314.1199999999997,
    "medianResTime" : 1153.0,
    "minResTime" : 516.0,
    "maxResTime" : 3465.0,
    "pct1ResTime" : 2083.0,
    "pct2ResTime" : 2757.949999999998,
    "pct3ResTime" : 3465.0,
    "throughput" : 0.9468620990039011,
    "receivedKBytesPerSec" : 138.61670918669282,
    "sentKBytesPerSec" : 0.13962517280233308
  },
  "Women Bottoms" : {
    "transaction" : "Women Bottoms",
    "sampleCount" : 50,
    "errorCount" : 0,
    "errorPct" : 0.0,
    "meanResTime" : 1427.7199999999996,
    "medianResTime" : 1155.0,
    "minResTime" : 731.0,
    "maxResTime" : 3940.0,
    "pct1ResTime" : 2434.7999999999997,
    "pct2ResTime" : 3165.5499999999984,
    "pct3ResTime" : 3940.0,
    "throughput" : 0.9318448664666307,
    "receivedKBytesPerSec" : 200.81193172023222,
    "sentKBytesPerSec" : 0.14651076513781985
  },
  "Total" : {
    "transaction" : "Total",
    "sampleCount" : 450,
    "errorCount" : 0,
    "errorPct" : 0.0,
    "meanResTime" : 1557.1999999999998,
    "medianResTime" : 1264.5,
    "minResTime" : 502.0,
    "maxResTime" : 7660.0,
    "pct1ResTime" : 2881.6000000000004,
    "pct2ResTime" : 3423.7999999999993,
    "pct3ResTime" : 4945.910000000002,
    "throughput" : 6.890321395213524,
    "receivedKBytesPerSec" : 1237.565317495483,
    "sentKBytesPerSec" : 1.0452115137270515
  },
  "Watches" : {
    "transaction" : "Watches",
    "sampleCount" : 50,
    "errorCount" : 0,
    "errorPct" : 0.0,
    "meanResTime" : 1137.9799999999996,
    "medianResTime" : 1046.5,
    "minResTime" : 502.0,
    "maxResTime" : 2333.0,
    "pct1ResTime" : 1699.1999999999998,
    "pct2ResTime" : 2202.85,
    "pct3ResTime" : 2333.0,
    "throughput" : 0.9501007106753315,
    "receivedKBytesPerSec" : 109.88447294944514,
    "sentKBytesPerSec" : 0.1428862396914073
  },
  "Men Pants" : {
    "transaction" : "Men Pants",
    "sampleCount" : 50,
    "errorCount" : 0,
    "errorPct" : 0.0,
    "meanResTime" : 1344.9799999999998,
    "medianResTime" : 1083.0,
    "minResTime" : 701.0,
    "maxResTime" : 3599.0,
    "pct1ResTime" : 2310.3999999999996,
    "pct2ResTime" : 2979.85,
    "pct3ResTime" : 3599.0,
    "throughput" : 0.9582766352990781,
    "receivedKBytesPerSec" : 203.66083011312455,
    "sentKBytesPerSec" : 0.1469232731855032
  },
  "Tops Men" : {
    "transaction" : "Tops Men",
    "sampleCount" : 50,
    "errorCount" : 0,
    "errorPct" : 0.0,
    "meanResTime" : 1425.0600000000002,
    "medianResTime" : 1192.5,
    "minResTime" : 705.0,
    "maxResTime" : 7660.0,
    "pct1ResTime" : 1967.5,
    "pct2ResTime" : 2093.399999999999,
    "pct3ResTime" : 7660.0,
    "throughput" : 0.916724725899307,
    "receivedKBytesPerSec" : 193.66459778129698,
    "sentKBytesPerSec" : 0.13786680448095046
  }
}