{
  "Homepage" : {
    "transaction" : "Homepage",
    "sampleCount" : 450,
    "errorCount" : 1,
    "errorPct" : 0.22222222,
    "meanResTime" : 1328.824444444444,
    "medianResTime" : 1265.0,
    "minResTime" : 778.0,
    "maxResTime" : 5353.0,
    "pct1ResTime" : 1606.5000000000002,
    "pct2ResTime" : 1778.05,
    "pct3ResTime" : 3469.7100000000028,
    "throughput" : 1.0002889723697959,
    "receivedKBytesPerSec" : 96.64653990319425,
    "sentKBytesPerSec" : 0.13382772384244337
  },
  "Yoga Page" : {
    "transaction" : "Yoga Page",
    "sampleCount" : 450,
    "errorCount" : 0,
    "errorPct" : 0.0,
    "meanResTime" : 1010.322222222222,
    "medianResTime" : 1004.0,
    "minResTime" : 625.0,
    "maxResTime" : 2875.0,
    "pct1ResTime" : 1181.8000000000002,
    "pct2ResTime" : 1265.5999999999997,
    "pct3ResTime" : 2064.1000000000045,
    "throughput" : 1.0074303585780457,
    "receivedKBytesPerSec" : 253.50682179018696,
    "sentKBytesPerSec" : 0.15937863094691737
  },
  "Tops Women" : {
    "transaction" : "Tops Women",
    "sampleCount" : 450,
    "errorCount" : 0,
    "errorPct" : 0.0,
    "meanResTime" : 798.9933333333338,
    "medianResTime" : 790.0,
    "minResTime" : 484.0,
    "maxResTime" : 1749.0,
    "pct1ResTime" : 974.1000000000004,
    "pct2ResTime" : 1064.8,
    "pct3ResTime" : 1335.88,
    "throughput" : 1.0090296946227686,
    "receivedKBytesPerSec" : 235.25018654786837,
    "sentKBytesPerSec" : 0.1556901286624975
  },
  "Fitness Equipment" : {
    "transaction" : "Fitness Equipment",
    "sampleCount" : 450,
    "errorCount" : 3,
    "errorPct" : 0.6666667,
    "meanResTime" : 683.8155555555554,
    "medianResTime" : 646.5,
    "minResTime" : 465.0,
    "maxResTime" : 1842.0,
    "pct1ResTime" : 841.8000000000001,
    "pct2ResTime" : 951.2999999999998,
    "pct3ResTime" : 1618.9400000000028,
    "throughput" : 1.0118635378347018,
    "receivedKBytesPerSec" : 134.22415723361567,
    "sentKBytesPerSec" : 0.162056269731339
  },
  "Bags" : {
    "transaction" : "Bags",
    "sampleCount" : 450,
    "errorCount" : 3,
    "errorPct" : 0.6666667,
    "meanResTime" : 711.2133333333331,
    "medianResTime" : 710.0,
    "minResTime" : 407.0,
    "maxResTime" : 1690.0,
    "pct1ResTime" : 856.9000000000001,
    "pct2ResTime" : 917.4999999999999,
    "pct3ResTime" : 1079.3500000000001,
    "throughput" : 1.0149444938133494,
    "receivedKBytesPerSec" : 147.5999263072767,
    "sentKBytesPerSec" : 0.14966466656817945
  },
  "Women Bottoms" : {
    "transaction" : "Women Bottoms",
    "sampleCount" : 450,
    "errorCount" : 0,
    "errorPct" : 0.0,
    "meanResTime" : 780.5377777777783,
    "medianResTime" : 743.0,
    "minResTime" : 489.0,
    "maxResTime" : 2125.0,
    "pct1ResTime" : 928.8000000000001,
    "pct2ResTime" : 1029.0,
    "pct3ResTime" : 1564.5300000000027,
    "throughput" : 1.0148163182463974,
    "receivedKBytesPerSec" : 218.69272057807885,
    "sentKBytesPerSec" : 0.15955608128678708
  },
  "Total" : {
    "transaction" : "Total",
    "sampleCount" : 4050,
    "errorCount" : 9,
    "errorPct" : 0.22222222,
    "meanResTime" : 835.1651851851833,
    "medianResTime" : 768.0,
    "minResTime" : 407.0,
    "maxResTime" : 5353.0,
    "pct1ResTime" : 1152.0,
    "pct2ResTime" : 1353.0,
    "pct3ResTime" : 1753.8999999999978,
    "throughput" : 8.877957675158816,
    "receivedKBytesPerSec" : 1591.8094538192756,
    "sentKBytesPerSec" : 1.3467214442135444
  },
  "Watches" : {
    "transaction" : "Watches",
    "sampleCount" : 450,
    "errorCount" : 1,
    "errorPct" : 0.22222222,
    "meanResTime" : 677.7600000000002,
    "medianResTime" : 663.5,
    "minResTime" : 408.0,
    "maxResTime" : 1921.0,
    "pct1ResTime" : 829.9000000000001,
    "pct2ResTime" : 907.45,
    "pct3ResTime" : 1284.1600000000008,
    "throughput" : 1.0143176572417774,
    "receivedKBytesPerSec" : 117.05223783480935,
    "sentKBytesPerSec" : 0.15254386642112666
  },
  "Men Pants" : {
    "transaction" : "Men Pants",
    "sampleCount" : 450,
    "errorCount" : 1,
    "errorPct" : 0.22222222,
    "meanResTime" : 759.9288888888892,
    "medianResTime" : 736.0,
    "minResTime" : 492.0,
    "maxResTime" : 1734.0,
    "pct1ResTime" : 913.9000000000001,
    "pct2ResTime" : 963.0999999999998,
    "pct3ResTime" : 1267.3800000000006,
    "throughput" : 1.0098901912732021,
    "receivedKBytesPerSec" : 214.15492949844364,
    "sentKBytesPerSec" : 0.15483667971669213
  },
  "Tops Men" : {
    "transaction" : "Tops Men",
    "sampleCount" : 450,
    "errorCount" : 0,
    "errorPct" : 0.0,
    "meanResTime" : 765.0911111111114,
    "medianResTime" : 739.5,
    "minResTime" : 493.0,
    "maxResTime" : 1336.0,
    "pct1ResTime" : 937.9000000000001,
    "pct2ResTime" : 1022.3499999999999,
    "pct3ResTime" : 1138.45,
    "throughput" : 1.0148346270595505,
    "receivedKBytesPerSec" : 214.39031184599546,
    "sentKBytesPerSec" : 0.1526216138351277
  }
}