{
  "Homepage" : {
    "transaction" : "Homepage",
    "sampleCount" : 50,
    "errorCount" : 0,
    "errorPct" : 0.0,
    "meanResTime" : 1299.9399999999998,
    "medianResTime" : 1285.5,
    "minResTime" : 765.0,
    "maxResTime" : 2586.0,
    "pct1ResTime" : 1617.8,
    "pct2ResTime" : 1839.3499999999997,
    "pct3ResTime" : 2586.0,
    "throughput" : 0.8325146938843471,
    "receivedKBytesPerSec" : 80.61296691066285,
    "sentKBytesPerSec" : 0.11138136041226128
  },
  "Yoga Page" : {
    "transaction" : "Yoga Page",
    "sampleCount" : 50,
    "errorCount" : 0,
    "errorPct" : 0.0,
    "meanResTime" : 903.8799999999999,
    "medianResTime" : 891.5,
    "minResTime" : 665.0,
    "maxResTime" : 1241.0,
    "pct1ResTime" : 1018.7,
    "pct2ResTime" : 1153.8499999999995,
    "pct3ResTime" : 1241.0,
    "throughput" : 0.8567658801555887,
    "receivedKBytesPerSec" : 215.59296833500403,
    "sentKBytesPerSec" : 0.13554303963398961
  },
  "Tops Women" : {
    "transaction" : "Tops Women",
    "sampleCount" : 50,
    "errorCount" : 0,
    "errorPct" : 0.0,
    "meanResTime" : 743.3399999999999,
    "medianResTime" : 722.0,
    "minResTime" : 521.0,
    "maxResTime" : 1150.0,
    "pct1ResTime" : 858.5,
    "pct2ResTime" : 951.4999999999999,
    "pct3ResTime" : 1150.0,
    "throughput" : 0.8587819037477242,
    "receivedKBytesPerSec" : 200.21887868310088,
    "sentKBytesPerSec" : 0.13250736405482463
  },
  "Fitness Equipment" : {
    "transaction" : "Fitness Equipment",
    "sampleCount" : 50,
    "errorCount" : 0,
    "errorPct" : 0.0,
    "meanResTime" : 596.5000000000001,
    "medianResTime" : 561.0,
    "minResTime" : 478.0,
    "maxResTime" : 841.0,
    "pct1ResTime" : 744.6999999999999,
    "pct2ResTime" : 782.9,
    "pct3ResTime" : 841.0,
    "throughput" : 0.8596678243526702,
    "receivedKBytesPerSec" : 114.7960619422905,
    "sentKBytesPerSec" : 0.13768117499398233
  },
  "Bags" : {
    "transaction" : "Bags",
    "sampleCount" : 50,
    "errorCount" : 0,
    "errorPct" : 0.0,
    "meanResTime" : 626.5199999999998,
    "medianResTime" : 615.5,
    "minResTime" : 499.0,
    "maxResTime" : 825.0,
    "pct1ResTime" : 746.9,
    "pct2ResTime" : 792.7499999999999,
    "pct3ResTime" : 825.0,
    "throughput" : 0.8564136820649847,
    "receivedKBytesPerSec" : 125.37437990296833,
    "sentKBytesPerSec" : 0.12628756444512956
  },
  "Women Bottoms" : {
    "transaction" : "Women Bottoms",
    "sampleCount" : 50,
    "errorCount" : 0,
    "errorPct" : 0.0,
    "meanResTime" : 687.7399999999999,
    "medianResTime" : 693.0,
    "minResTime" : 508.0,
    "maxResTime" : 872.0,
    "pct1ResTime" : 789.9,
    "pct2ResTime" : 791.9,
    "pct3ResTime" : 872.0,
    "throughput" : 0.8560031500915923,
    "receivedKBytesPerSec" : 184.46926400314152,
    "sentKBytesPerSec" : 0.1345864327780726
  },
  "Total" : {
    "transaction" : "Total",
    "sampleCount" : 450,
    "errorCount" : 0,
    "errorPct" : 0.0,
    "meanResTime" : 761.4555555555563,
    "medianResTime" : 692.5,
    "minResTime" : 472.0,
    "maxResTime" : 2586.0,
    "pct1ResTime" : 1074.9000000000008,
    "pct2ResTime" : 1338.25,
    "pct3ResTime" : 1658.7900000000006,
    "throughput" : 6.876948468732808,
    "receivedKBytesPerSec" : 1237.4326005323903,
    "sentKBytesPerSec" : 1.043182938290849
  },
  "Watches" : {
    "transaction" : "Watches",
    "sampleCount" : 50,
    "errorCount" : 0,
    "errorPct" : 0.0,
    "meanResTime" : 600.7800000000001,
    "medianResTime" : 566.5,
    "minResTime" : 472.0,
    "maxResTime" : 1044.0,
    "pct1ResTime" : 734.3,
    "pct2ResTime" : 793.1999999999999,
    "pct3ResTime" : 1044.0,
    "throughput" : 0.8583690987124463,
    "receivedKBytesPerSec" : 99.27452722639485,
    "sentKBytesPerSec" : 0.1290906652360515
  },
  "Men Pants" : {
    "transaction" : "Men Pants",
    "sampleCount" : 50,
    "errorCount" : 0,
    "errorPct" : 0.0,
    "meanResTime" : 699.46,
    "medianResTime" : 682.5,
    "minResTime" : 525.0,
    "maxResTime" : 970.0,
    "pct1ResTime" : 831.0,
    "pct2ResTime" : 924.8,
    "pct3ResTime" : 970.0,
    "throughput" : 0.8583838349156209,
    "receivedKBytesPerSec" : 184.98340972055314,
    "sentKBytesPerSec" : 0.1316076778142114
  },
  "Tops Men" : {
    "transaction" : "Tops Men",
    "sampleCount" : 50,
    "errorCount" : 0,
    "errorPct" : 0.0,
    "meanResTime" : 694.9399999999998,
    "medianResTime" : 683.5,
    "minResTime" : 537.0,
    "maxResTime" : 922.0,
    "pct1ResTime" : 803.1,
    "pct2ResTime" : 844.2999999999998,
    "pct3ResTime" : 922.0,
    "throughput" : 0.8560764305037154,
    "receivedKBytesPerSec" : 180.851228897716,
    "sentKBytesPerSec" : 0.12874586943122282
  }
}