{
  "ub-exchange student" : {
    "transaction" : "ub-exchange student",
    "sampleCount" : 100,
    "errorCount" : 0,
    "errorPct" : 0.0,
    "meanResTime" : 551.15,
    "medianResTime" : 512.5,
    "minResTime" : 460.0,
    "maxResTime" : 890.0,
    "pct1ResTime" : 714.8,
    "pct2ResTime" : 763.75,
    "pct3ResTime" : 889.2499999999997,
    "throughput" : 1.9571003601064663,
    "receivedKBytesPerSec" : 166.73224099611517,
    "sentKBytesPerSec" : 0.32108677782996714
  },
  "ub-transportation" : {
    "transaction" : "ub-transportation",
    "sampleCount" : 100,
    "errorCount" : 0,
    "errorPct" : 0.0,
    "meanResTime" : 477.45000000000016,
    "medianResTime" : 491.5,
    "minResTime" : 252.0,
    "maxResTime" : 1074.0,
    "pct1ResTime" : 689.3000000000004,
    "pct2ResTime" : 760.7999999999995,
    "pct3ResTime" : 1072.289999999999,
    "throughput" : 1.9490137990176972,
    "receivedKBytesPerSec" : 155.78834638969556,
    "sentKBytesPerSec" : 0.30263007230841193
  },
  "ub homepage" : {
    "transaction" : "ub homepage",
    "sampleCount" : 100,
    "errorCount" : 0,
    "errorPct" : 0.0,
    "meanResTime" : 3183.4900000000007,
    "medianResTime" : 3159.5,
    "minResTime" : 2925.0,
    "maxResTime" : 4269.0,
    "pct1ResTime" : 3301.0,
    "pct2ResTime" : 3360.6499999999996,
    "pct3ResTime" : 4268.5199999999995,
    "throughput" : 1.8843747644531545,
    "receivedKBytesPerSec" : 285.5940174928865,
    "sentKBytesPerSec" : 0.21530453851662018
  },
  "ub-fee and scholarships" : {
    "transaction" : "ub-fee and scholarships",
    "sampleCount" : 100,
    "errorCount" : 0,
    "errorPct" : 0.0,
    "meanResTime" : 433.2100000000002,
    "medianResTime" : 473.0,
    "minResTime" : 247.0,
    "maxResTime" : 1545.0,
    "pct1ResTime" : 586.9000000000001,
    "pct2ResTime" : 748.8999999999997,
    "pct3ResTime" : 1537.7999999999963,
    "throughput" : 1.9301293186643507,
    "receivedKBytesPerSec" : 152.87576074237597,
    "sentKBytesPerSec" : 0.2733093273499324
  },
  "ub-faculties and schools" : {
    "transaction" : "ub-faculties and schools",
    "sampleCount" : 100,
    "errorCount" : 0,
    "errorPct" : 0.0,
    "meanResTime" : 449.42000000000013,
    "medianResTime" : 477.0,
    "minResTime" : 246.0,
    "maxResTime" : 1835.0,
    "pct1ResTime" : 687.0,
    "pct2ResTime" : 758.1999999999998,
    "pct3ResTime" : 1824.4399999999946,
    "throughput" : 1.9231878762236283,
    "receivedKBytesPerSec" : 160.50899721378156,
    "sentKBytesPerSec" : 0.27232640825432236
  },
  "ub-finance" : {
    "transaction" : "ub-finance",
    "sampleCount" : 100,
    "errorCount" : 0,
    "errorPct" : 0.0,
    "meanResTime" : 536.63,
    "medianResTime" : 507.0,
    "minResTime" : 458.0,
    "maxResTime" : 897.0,
    "pct1ResTime" : 627.3000000000001,
    "pct2ResTime" : 751.2999999999998,
    "pct3ResTime" : 895.7599999999993,
    "throughput" : 1.965717880169838,
    "receivedKBytesPerSec" : 154.8684305094158,
    "sentKBytesPerSec" : 0.2975451869397704
  },
  "ub-health center" : {
    "transaction" : "ub-health center",
    "sampleCount" : 100,
    "errorCount" : 0,
    "errorPct" : 0.0,
    "meanResTime" : 458.69,
    "medianResTime" : 489.0,
    "minResTime" : 246.0,
    "maxResTime" : 770.0,
    "pct1ResTime" : 702.5,
    "pct2ResTime" : 737.0999999999998,
    "pct3ResTime" : 769.8799999999999,
    "throughput" : 1.9402405898331394,
    "receivedKBytesPerSec" : 159.9763419492142,
    "sentKBytesPerSec" : 0.2993730597594102
  },
  "ub-httc application form" : {
    "transaction" : "ub-httc application form",
    "sampleCount" : 100,
    "errorCount" : 0,
    "errorPct" : 0.0,
    "meanResTime" : 373.21000000000004,
    "medianResTime" : 299.5,
    "minResTime" : 246.0,
    "maxResTime" : 771.0,
    "pct1ResTime" : 549.6,
    "pct2ResTime" : 573.55,
    "pct3ResTime" : 770.7099999999998,
    "throughput" : 1.9206760779794487,
    "receivedKBytesPerSec" : 118.8498038809661,
    "sentKBytesPerSec" : 0.3432458225295304
  },
  "ub-job opportunities" : {
    "transaction" : "ub-job opportunities",
    "sampleCount" : 100,
    "errorCount" : 0,
    "errorPct" : 0.0,
    "meanResTime" : 828.4299999999997,
    "medianResTime" : 764.0,
    "minResTime" : 678.0,
    "maxResTime" : 2013.0,
    "pct1ResTime" : 959.5000000000001,
    "pct2ResTime" : 1134.249999999999,
    "pct3ResTime" : 2012.81,
    "throughput" : 2.0121129197770578,
    "receivedKBytesPerSec" : 182.8874079772732,
    "sentKBytesPerSec" : 0.3026029195758466
  },
  "ub-sports" : {
    "transaction" : "ub-sports",
    "sampleCount" : 100,
    "errorCount" : 0,
    "errorPct" : 0.0,
    "meanResTime" : 561.5299999999996,
    "medianResTime" : 522.5,
    "minResTime" : 448.0,
    "maxResTime" : 954.0,
    "pct1ResTime" : 730.6,
    "pct2ResTime" : 775.6499999999996,
    "pct3ResTime" : 953.1099999999996,
    "throughput" : 1.9821212661790648,
    "receivedKBytesPerSec" : 162.11719508780797,
    "sentKBytesPerSec" : 0.29615679074745793
  },
  "ub-news" : {
    "transaction" : "ub-news",
    "sampleCount" : 100,
    "errorCount" : 0,
    "errorPct" : 0.0,
    "meanResTime" : 570.3199999999999,
    "medianResTime" : 525.5,
    "minResTime" : 457.0,
    "maxResTime" : 1164.0,
    "pct1ResTime" : 731.8,
    "pct2ResTime" : 790.55,
    "pct3ResTime" : 1162.9799999999996,
    "throughput" : 2.0027638140634076,
    "receivedKBytesPerSec" : 173.73330665067795,
    "sentKBytesPerSec" : 0.27381536520398153
  },
  "ub-FET" : {
    "transaction" : "ub-FET",
    "sampleCount" : 100,
    "errorCount" : 0,
    "errorPct" : 0.0,
    "meanResTime" : 478.6099999999999,
    "medianResTime" : 500.0,
    "minResTime" : 250.0,
    "maxResTime" : 1531.0,
    "pct1ResTime" : 712.9,
    "pct2ResTime" : 785.1499999999996,
    "pct3ResTime" : 1527.209999999998,
    "throughput" : 1.920233500393648,
    "receivedKBytesPerSec" : 165.59163594293068,
    "sentKBytesPerSec" : 0.35066764118516813
  },
  "Total" : {
    "transaction" : "Total",
    "sampleCount" : 1600,
    "errorCount" : 0,
    "errorPct" : 0.0,
    "meanResTime" : 728.1912500000007,
    "medianResTime" : 517.0,
    "minResTime" : 246.0,
    "maxResTime" : 4269.0,
    "pct1ResTime" : 1189.7000000000003,
    "pct2ResTime" : 3089.2499999999973,
    "pct3ResTime" : 3255.99,
    "throughput" : 24.829683887087015,
    "receivedKBytesPerSec" : 2135.742293583855,
    "sentKBytesPerSec" : 3.7371826456028185
  },
  "why us" : {
    "transaction" : "why us",
    "sampleCount" : 100,
    "errorCount" : 0,
    "errorPct" : 0.0,
    "meanResTime" : 1173.5200000000004,
    "medianResTime" : 1191.5,
    "minResTime" : 973.0,
    "maxResTime" : 1526.0,
    "pct1ResTime" : 1278.3,
    "pct2ResTime" : 1317.1999999999998,
    "pct3ResTime" : 1524.6799999999994,
    "throughput" : 2.0028440385347195,
    "receivedKBytesPerSec" : 180.16481841715236,
    "sentKBytesPerSec" : 0.2660027238678924
  },
  "ub-Admission requirements" : {
    "transaction" : "ub-Admission requirements",
    "sampleCount" : 100,
    "errorCount" : 0,
    "errorPct" : 0.0,
    "meanResTime" : 454.7899999999998,
    "medianResTime" : 476.0,
    "minResTime" : 247.0,
    "maxResTime" : 1603.0,
    "pct1ResTime" : 745.0,
    "pct2ResTime" : 825.1499999999999,
    "pct3ResTime" : 1597.469999999997,
    "throughput" : 1.9409937888198758,
    "receivedKBytesPerSec" : 156.20356020720106,
    "sentKBytesPerSec" : 0.3279218022127329
  },
  "ub-announcements" : {
    "transaction" : "ub-announcements",
    "sampleCount" : 100,
    "errorCount" : 0,
    "errorPct" : 0.0,
    "meanResTime" : 550.4299999999998,
    "medianResTime" : 509.0,
    "minResTime" : 461.0,
    "maxResTime" : 1599.0,
    "pct1ResTime" : 688.3000000000004,
    "pct2ResTime" : 841.4999999999994,
    "pct3ResTime" : 1593.099999999997,
    "throughput" : 2.0125988689194356,
    "receivedKBytesPerSec" : 132.9538732779701,
    "sentKBytesPerSec" : 0.2771254301930082
  },
  "ub-library" : {
    "transaction" : "ub-library",
    "sampleCount" : 100,