{
  "ub-exchange student" : {
    "transaction" : "ub-exchange student",
    "sampleCount" : 200,
    "errorCount" : 47,
    "errorPct" : 23.5,
    "meanResTime" : 3651.5,
    "medianResTime" : 3059.0,
    "minResTime" : 0.0,
    "maxResTime" : 15047.0,
    "pct1ResTime" : 8401.600000000002,
    "pct2ResTime" : 10162.549999999997,
    "pct3ResTime" : 13469.530000000006,
    "throughput" : 0.7886932929522367,
    "receivedKBytesPerSec" : 51.7797403301273,
    "sentKBytesPerSec" : 0.0989871699318569
  },
  "ub-transportation" : {
    "transaction" : "ub-transportation",
    "sampleCount" : 200,
    "errorCount" : 43,
    "errorPct" : 21.5,
    "meanResTime" : 3582.48,
    "medianResTime" : 2623.0,
    "minResTime" : 0.0,
    "maxResTime" : 25597.0,
    "pct1ResTime" : 8104.1,
    "pct2ResTime" : 10132.399999999992,
    "pct3ResTime" : 25198.39000000008,
    "throughput" : 0.7880313794095282,
    "receivedKBytesPerSec" : 49.79095466800238,
    "sentKBytesPerSec" : 0.09605286779394556
  },
  "ub homepage" : {
    "transaction" : "ub homepage",
    "sampleCount" : 200,
    "errorCount" : 0,
    "errorPct" : 0.0,
    "meanResTime" : 12614.130000000001,
    "medianResTime" : 11967.5,
    "minResTime" : 2045.0,
    "maxResTime" : 36731.0,
    "pct1ResTime" : 18199.1,
    "pct2ResTime" : 25577.349999999977,
    "pct3ResTime" : 32807.24000000001,
    "throughput" : 0.8892366792345451,
    "receivedKBytesPerSec" : 134.76929396969703,
    "sentKBytesPerSec" : 0.10160223776410329
  },
  "ub-fee and scholarships" : {
    "transaction" : "ub-fee and scholarships",
    "sampleCount" : 200,
    "errorCount" : 36,
    "errorPct" : 18.0,
    "meanResTime" : 3243.5999999999995,
    "medianResTime" : 2296.0,
    "minResTime" : 0.0,
    "maxResTime" : 21600.0,
    "pct1ResTime" : 7265.200000000002,
    "pct2ResTime" : 8773.049999999997,
    "pct3ResTime" : 16472.0,
    "throughput" : 0.7900641532092406,
    "receivedKBytesPerSec" : 51.60209502175639,
    "sentKBytesPerSec" : 0.09173694122712764
  },
  "ub-faculties and schools" : {
    "transaction" : "ub-faculties and schools",
    "sampleCount" : 200,
    "errorCount" : 22,
    "errorPct" : 11.0,
    "meanResTime" : 3686.724999999999,
    "medianResTime" : 2544.0,
    "minResTime" : 0.0,
    "maxResTime" : 22408.0,
    "pct1ResTime" : 8161.000000000001,
    "pct2ResTime" : 11916.949999999977,
    "pct3ResTime" : 19193.40000000004,
    "throughput" : 0.7973051087324842,
    "receivedKBytesPerSec" : 59.40157034847216,
    "sentKBytesPerSec" : 0.10048068777531942
  },
  "ub-finance" : {
    "transaction" : "ub-finance",
    "sampleCount" : 200,
    "errorCount" : 43,
    "errorPct" : 21.5,
    "meanResTime" : 3914.4,
    "medianResTime" : 2542.0,
    "minResTime" : 0.0,
    "maxResTime" : 26131.0,
    "pct1ResTime" : 8864.4,
    "pct2ResTime" : 10708.85,
    "pct3ResTime" : 25117.82,
    "throughput" : 0.7936570925166072,
    "receivedKBytesPerSec" : 49.43161828789316,
    "sentKBytesPerSec" : 0.09430490891792792
  },
  "ub-health center" : {
    "transaction" : "ub-health center",
    "sampleCount" : 200,
    "errorCount" : 41,
    "errorPct" : 20.5,
    "meanResTime" : 3842.3749999999995,
    "medianResTime" : 2860.5,
    "minResTime" : 0.0,
    "maxResTime" : 25126.0,
    "pct1ResTime" : 8373.9,
    "pct2ResTime" : 10506.249999999998,
    "pct3ResTime" : 25072.960000000032,
    "throughput" : 0.7891663246945926,
    "receivedKBytesPerSec" : 52.05801167818192,
    "sentKBytesPerSec" : 0.09680388871571073
  },
  "ub-httc application form" : {
    "transaction" : "ub-httc application form",
    "sampleCount" : 200,
    "errorCount" : 35,
    "errorPct" : 17.5,
    "meanResTime" : 2556.094999999999,
    "medianResTime" : 1306.5,
    "minResTime" : 0.0,
    "maxResTime" : 25916.0,
    "pct1ResTime" : 5679.2,
    "pct2ResTime" : 8498.349999999997,
    "pct3ResTime" : 20080.07000000005,
    "throughput" : 0.810596112381045,
    "receivedKBytesPerSec" : 41.669765771920545,
    "sentKBytesPerSec" : 0.11951147272141432
  },
  "ub-job opportunities" : {
    "transaction" : "ub-job opportunities",
    "sampleCount" : 200,
    "errorCount" : 29,
    "errorPct" : 14.5,
    "meanResTime" : 4621.269999999999,
    "medianResTime" : 3385.0,
    "minResTime" : 0.0,
    "maxResTime" : 26051.0,
    "pct1ResTime" : 10017.400000000001,
    "pct2ResTime" : 11073.85,
    "pct3ResTime" : 24910.450000000033,
    "throughput" : 0.8661720824076119,
    "receivedKBytesPerSec" : 67.56815979169644,
    "sentKBytesPerSec" : 0.11137585751036158
  },
  "ub-sports" : {
    "transaction" : "ub-sports",
    "sampleCount" : 200,
    "errorCount" : 49,
    "errorPct" : 24.5,
    "meanResTime" : 4063.245000000001,
    "medianResTime" : 2337.0,
    "minResTime" : 0.0,
    "maxResTime" : 26984.0,
    "pct1ResTime" : 10341.300000000001,
    "pct2ResTime" : 11072.699999999999,
    "pct3ResTime" : 25626.090000000004,
    "throughput" : 0.8148498231775884,
    "receivedKBytesPerSec" : 50.72395985056673,
    "sentKBytesPerSec" : 0.09192126691831946
  },
  "ub-news" : {
    "transaction" : "ub-news",
    "sampleCount" : 200,
    "errorCount" : 44,
    "errorPct" : 22.0,
    "meanResTime" : 4160.440000000001,
    "medianResTime" : 2904.0,
    "minResTime" : 0.0,
    "maxResTime" : 26140.0,
    "pct1ResTime" : 9523.0,
    "pct2ResTime" : 13200.149999999998,
    "pct3ResTime" : 22207.48000000001,
    "throughput" : 0.8388522823073471,
    "receivedKBytesPerSec" : 57.134917068966246,
    "sentKBytesPerSec" : 0.08945573166793194
  },
  "ub-FET" : {
    "transaction" : "ub-FET",
    "sampleCount" : 200,
    "errorCount" : 32,
    "errorPct" : 16.0,
    "meanResTime" : 3450.1950000000006,
    "medianResTime" : 2564.5,
    "minResTime" : 0.0,
    "maxResTime" : 25469.0,
    "pct1ResTime" : 7250.0,
    "pct2ResTime" : 9341.349999999995,
    "pct3ResTime" : 25032.840000000113,
    "throughput" : 0.8102447344220322,
    "receivedKBytesPerSec" : 58.95522676218102,
    "sentKBytesPerSec" : 0.1242902762529422
  },
  "Total" : {
    "transaction" : "Total",
    "sampleCount" : 3200,
    "errorCount" : 616,
    "errorPct" : 19.25,
    "meanResTime" : 4203.370312499998,
    "medianResTime" : 2804.0,
    "minResTime" : 0.0,
    "maxResTime" : 36731.0,
    "pct1ResTime" : 10015.000000000002,
    "pct2ResTime" : 12997.299999999994,
    "pct3ResTime" : 22219.089999999982,
    "throughput" : 12.01061438045873,
    "receivedKBytesPerSec" : 847.9347578500625,
    "sentKBytesPerSec" : 1.457551538906884
  },
  "why us" : {
    "transaction" : "why us",
    "sampleCount" : 200,
    "errorCount" : 77,
    "errorPct" : 38.5,
    "meanResTime" : 2782.53,
    "medianResTime" : 1992.5,
    "minResTime" : 0.0,
    "maxResTime" : 19819.0,
    "pct1ResTime" : 7279.000000000001,
    "pct2ResTime" : 10148.799999999996,
    "pct3ResTime" : 15105.790000000015,
    "throughput" : 0.9016604076406703,
    "receivedKBytesPerSec" : 50.586877903628285,
    "sentKBytesPerSec" : 0.07364734032721257
  },
  "ub-Admission requirements" : {
    "transaction" : "ub-Admission requirements",
    "sampleCount" : 200,
    "errorCount" : 37,
    "errorPct" : 18.5,
    "meanResTime" : 3507.6349999999993,
    "medianResTime" : 2423.5,
    "minResTime" : 1.0,
    "maxResTime" : 25131.0,
    "pct1ResTime" : 8157.4000000000015,
    "pct2ResTime" : 11098.549999999992,
    "pct3ResTime" : 19691.97000000003,
    "throughput" : 0.7893968218883951,
    "receivedKBytesPerSec" : 52.072249143257764,
    "sentKBytesPerSec" : 0.10869238759976002
  },
  "ub-announcements" : {
    "transaction" : "ub-announcements",
    "sampleCount" : 200,
    "errorCount" : 40,
    "errorPct" : 20.0,
    "meanResTime" : 3534.4149999999986,
    "medianResTime" : 2285.5,
    "minResTime" : 0.0,
    "maxResTime" : 25364.0,
    "pct1ResTime" : 8662.300000000001,
    "pct2ResTime" : 10713.4,
    "pct3ResTime" : 16062.0,
    "throughput" : 0.8672049118486207,
    "receivedKBytesPerSec" : 46.182408999039566,
    "sentKBytesPerSec" : 0.09552804107082462
  },