{
  "Homepage" : {
    "transaction" : "Homepage",
    "sampleCount" : 200,
    "errorCount" : 0,
    "errorPct" : 0.0,
    "meanResTime" : 4059.0299999999984,
    "medianResTime" : 1522.5,
    "minResTime" : 808.0,
    "maxResTime" : 55360.0,
    "pct1ResTime" : 11405.900000000007,
    "pct2ResTime" : 20970.549999999996,
    "pct3ResTime" : 35643.79,
    "throughput" : 2.507082508085341,
    "receivedKBytesPerSec" : 242.7644962252739,
    "sentKBytesPerSec" : 0.33542021836688646
  },
  "Yoga Page" : {
    "transaction" : "Yoga Page",
    "sampleCount" : 200,
    "errorCount" : 0,
    "errorPct" : 0.0,
    "meanResTime" : 4345.300000000001,
    "medianResTime" : 1088.0,
    "minResTime" : 661.0,
    "maxResTime" : 52382.0,
    "pct1ResTime" : 8202.0,
    "pct2ResTime" : 20117.749999999996,
    "pct3ResTime" : 50249.96000000004,
    "throughput" : 2.3349210796675073,
    "receivedKBytesPerSec" : 587.5525630866489,
    "sentKBytesPerSec" : 0.3693918114317736
  },
  "Tops Women" : {
    "transaction" : "Tops Women",
    "sampleCount" : 200,
    "errorCount" : 0,
    "errorPct" : 0.0,
    "meanResTime" : 3775.885,
    "medianResTime" : 1021.5,
    "minResTime" : 507.0,
    "maxResTime" : 54289.0,
    "pct1ResTime" : 8326.300000000001,
    "pct2ResTime" : 9094.999999999998,
    "pct3ResTime" : 53018.49000000002,
    "throughput" : 2.200994849672052,
    "receivedKBytesPerSec" : 513.1490097586609,
    "sentKBytesPerSec" : 0.3396066271954924
  },
  "Fitness Equipment" : {
    "transaction" : "Fitness Equipment",
    "sampleCount" : 200,
    "errorCount" : 0,
    "errorPct" : 0.0,
    "meanResTime" : 4936.829999999998,
    "medianResTime" : 1924.5,
    "minResTime" : 481.0,
    "maxResTime" : 48943.0,
    "pct1ResTime" : 8744.6,
    "pct2ResTime" : 17799.249999999985,
    "pct3ResTime" : 42020.270000000026,
    "throughput" : 2.009081046329409,
    "receivedKBytesPerSec" : 268.28097963733575,
    "sentKBytesPerSec" : 0.3217668863261944
  },
  "Bags" : {
    "transaction" : "Bags",
    "sampleCount" : 200,
    "errorCount" : 1,
    "errorPct" : 0.5,
    "meanResTime" : 3866.495000000001,
    "medianResTime" : 2298.0,
    "minResTime" : 489.0,
    "maxResTime" : 31606.0,
    "pct1ResTime" : 8288.1,
    "pct2ResTime" : 8650.6,
    "pct3ResTime" : 29593.770000000004,
    "throughput" : 1.968407066581369,
    "receivedKBytesPerSec" : 286.74397982690317,
    "sentKBytesPerSec" : 0.28881183566261504
  },
  "Women Bottoms" : {
    "transaction" : "Women Bottoms",
    "sampleCount" : 200,
    "errorCount" : 0,
    "errorPct" : 0.0,
    "meanResTime" : 4344.874999999996,
    "medianResTime" : 2380.0,
    "minResTime" : 558.0,
    "maxResTime" : 56101.0,
    "pct1ResTime" : 8007.900000000001,
    "pct2ResTime" : 11742.599999999984,
    "pct3ResTime" : 55800.280000000006,
    "throughput" : 1.9473627839498358,
    "receivedKBytesPerSec" : 419.65146922436537,
    "sentKBytesPerSec" : 0.30617715646086285
  },
  "Total" : {
    "transaction" : "Total",
    "sampleCount" : 1800,
    "errorCount" : 3,
    "errorPct" : 0.16666667,
    "meanResTime" : 4278.069444444445,
    "medianResTime" : 1517.5,
    "minResTime" : 481.0,
    "maxResTime" : 56701.0,
    "pct1ResTime" : 8488.2,
    "pct2ResTime" : 12438.099999999935,
    "pct3ResTime" : 45241.08000000001,
    "throughput" : 16.397176041903894,
    "receivedKBytesPerSec" : 2945.362807091209,
    "sentKBytesPerSec" : 2.483248761671601
  },
  "Watches" : {
    "transaction" : "Watches",
    "sampleCount" : 200,
    "errorCount" : 0,
    "errorPct" : 0.0,
    "meanResTime" : 4338.120000000001,
    "medianResTime" : 2038.0,
    "minResTime" : 490.0,
    "maxResTime" : 56616.0,
    "pct1ResTime" : 8388.0,
    "pct2ResTime" : 9124.599999999999,
    "pct3ResTime" : 52624.2100000002,
    "throughput" : 1.99568931108805,
    "receivedKBytesPerSec" : 230.81057026198414,
    "sentKBytesPerSec" : 0.30013296280035123
  },
  "Men Pants" : {
    "transaction" : "Men Pants",
    "sampleCount" : 200,
    "errorCount" : 0,
    "errorPct" : 0.0,
    "meanResTime" : 5211.805,
    "medianResTime" : 1397.0,
    "minResTime" : 512.0,
    "maxResTime" : 55330.0,
    "pct1ResTime" : 8875.2,
    "pct2ResTime" : 21618.349999999995,
    "pct3ResTime" : 53013.96000000005,
    "throughput" : 2.080602542496307,
    "receivedKBytesPerSec" : 448.37093494150906,
    "sentKBytesPerSec" : 0.3189986320038283
  },
  "Tops Men" : {
    "transaction" : "Tops Men",
    "sampleCount" : 200,
    "errorCount" : 2,
    "errorPct" : 1.0,
    "meanResTime" : 3624.2849999999976,
    "medianResTime" : 2043.0,
    "minResTime" : 515.0,
    "maxResTime" : 56701.0,
    "pct1ResTime" : 8455.6,
    "pct2ResTime" : 9417.4,
    "pct3ResTime" : 22926.060000000012,
    "throughput" : 1.9456199231480131,
    "receivedKBytesPerSec" : 406.95308319957195,
    "sentKBytesPerSec" : 0.28967696629213485
  }
}