{
  "Academic Structure-1" : {
    "transaction" : "Academic Structure-1",
    "sampleCount" : 100,
    "errorCount" : 0,
    "errorPct" : 0.0,
    "meanResTime" : 698.5099999999998,
    "medianResTime" : 887.5,
    "minResTime" : 345.0,
    "maxResTime" : 1310.0,
    "pct1ResTime" : 1025.0,
    "pct2ResTime" : 1165.099999999999,
    "pct3ResTime" : 1309.6,
    "throughput" : 1.80485867956539,
    "receivedKBytesPerSec" : 2.502743244188355,
    "sentKBytesPerSec" : 0.24675802259683066
  },
  "Academic Structure-2" : {
    "transaction" : "Academic Structure-2",
    "sampleCount" : 100,
    "errorCount" : 0,
    "errorPct" : 0.0,
    "meanResTime" : 641.37,
    "medianResTime" : 625.0,
    "minResTime" : 367.0,
    "maxResTime" : 1207.0,
    "pct1ResTime" : 718.8,
    "pct2ResTime" : 746.55,
    "pct3ResTime" : 1204.7799999999988,
    "throughput" : 1.826417299824664,
    "receivedKBytesPerSec" : 25.15267350393593,
    "sentKBytesPerSec" : 0.21224966667884276
  },
  "Homepage" : {
    "transaction" : "Homepage",
    "sampleCount" : 100,
    "errorCount" : 1,
    "errorPct" : 1.0,
    "meanResTime" : 1426.0699999999997,
    "medianResTime" : 1406.5,
    "minResTime" : 645.0,
    "maxResTime" : 1944.0,
    "pct1ResTime" : 1593.1000000000001,
    "pct2ResTime" : 1687.1999999999996,
    "pct3ResTime" : 1942.6499999999992,
    "throughput" : 1.7819276893743652,
    "receivedKBytesPerSec" : 28.68398932402573,
    "sentKBytesPerSec" : 0.6413373534364476
  },
  "Academic Structure-0" : {
    "transaction" : "Academic Structure-0",
    "sampleCount" : 100,
    "errorCount" : 0,
    "errorPct" : 0.0,
    "meanResTime" : 524.61,
    "medianResTime" : 594.5,
    "minResTime" : 331.0,
    "maxResTime" : 954.0,
    "pct1ResTime" : 725.1000000000001,
    "pct2ResTime" : 737.9,
    "pct3ResTime" : 953.4299999999997,
    "throughput" : 1.7947199339543065,
    "receivedKBytesPerSec" : 2.0336595517238285,
    "sentKBytesPerSec" : 0.24537186597031532
  },
  "CA Results-1" : {
    "transaction" : "CA Results-1",
    "sampleCount" : 100,
    "errorCount" : 0,
    "errorPct" : 0.0,
    "meanResTime" : 396.3800000000001,
    "medianResTime" : 389.0,
    "minResTime" : 348.0,
    "maxResTime" : 626.0,
    "pct1ResTime" : 443.9,
    "pct2ResTime" : 466.9,
    "pct3ResTime" : 625.97,
    "throughput" : 1.8337856671312258,
    "receivedKBytesPerSec" : 2.54326731322893,
    "sentKBytesPerSec" : 0.23638643365363457
  },
  "CA Results-2" : {
    "transaction" : "CA Results-2",
    "sampleCount" : 100,
    "errorCount" : 0,
    "errorPct" : 0.0,
    "meanResTime" : 625.7200000000001,
    "medianResTime" : 630.5,
    "minResTime" : 357.0,
    "maxResTime" : 928.0,
    "pct1ResTime" : 676.9,
    "pct2ResTime" : 687.95,
    "pct3ResTime" : 926.3099999999991,
    "throughput" : 1.8258503898190583,
    "receivedKBytesPerSec" : 25.145525981851048,
    "sentKBytesPerSec" : 0.2121837855356132
  },
  "Final Results-1" : {
    "transaction" : "Final Results-1",
    "sampleCount" : 100,
    "errorCount" : 0,
    "errorPct" : 0.0,
    "meanResTime" : 407.06999999999994,
    "medianResTime" : 390.5,
    "minResTime" : 341.0,
    "maxResTime" : 688.0,
    "pct1ResTime" : 493.0000000000001,
    "pct2ResTime" : 597.5499999999997,
    "pct3ResTime" : 687.3899999999996,
    "throughput" : 1.8263839424323782,
    "receivedKBytesPerSec" : 2.5314323530217524,
    "sentKBytesPerSec" : 0.23899946121673699
  },
  "CA Results-0" : {
    "transaction" : "CA Results-0",
    "sampleCount" : 100,
    "errorCount" : 0,
    "errorPct" : 0.0,
    "meanResTime" : 391.94,
    "medianResTime" : 375.0,
    "minResTime" : 333.0,
    "maxResTime" : 854.0,
    "pct1ResTime" : 438.9,
    "pct2ResTime" : 512.6999999999999,
    "pct3ResTime" : 853.2899999999996,
    "throughput" : 1.8346940647647005,
    "receivedKBytesPerSec" : 2.00528119553252,
    "sentKBytesPerSec" : 0.23650353178607467
  },
  "Final Results-2" : {
    "transaction" : "Final Results-2",
    "sampleCount" : 100,
    "errorCount" : 0,
    "errorPct" : 0.0,
    "meanResTime" : 667.4,
    "medianResTime" : 644.5,
    "minResTime" : 366.0,
    "maxResTime" : 2204.0,
    "pct1ResTime" : 716.4000000000001,
    "pct2ResTime" : 765.7999999999995,
    "pct3ResTime" : 2197.5999999999967,
    "throughput" : 1.8193726802998327,
    "receivedKBytesPerSec" : 25.05555127560767,
    "sentKBytesPerSec" : 0.21143100483953134
  },
  "Login" : {
    "transaction" : "Login",
    "sampleCount" : 100,
    "errorCount" : 0,
    "errorPct" : 0.0,
    "meanResTime" : 1063.94,
    "medianResTime" : 1016.5,
    "minResTime" : 715.0,
    "maxResTime" : 5604.0,
    "pct1ResTime" : 1113.9,
    "pct2ResTime" : 1184.6999999999998,
    "pct3ResTime" : 5562.469999999978,
    "throughput" : 1.800958109714368,
    "receivedKBytesPerSec" : 26.603229089750744,
    "sentKBytesPerSec" : 0.4009945791160897
  },
  "Login-0" : {
    "transaction" : "Login-0",
    "sampleCount" : 100,
    "errorCount" : 0,
    "errorPct" : 0.0,
    "meanResTime" : 383.57000000000016,
    "medianResTime" : 376.5,
    "minResTime" : 327.0,
    "maxResTime" : 640.0,
    "pct1ResTime" : 412.0,
    "pct2ResTime" : 495.9499999999993,
    "pct3ResTime" : 639.3299999999997,
    "throughput" : 1.821095571095571,
    "receivedKBytesPerSec" : 1.822678359238418,
    "sentKBytesPerSec" : 0.20273915537587414
  },
  "Login-1" : {
    "transaction" : "Login-1",
    "sampleCount" : 100,
    "errorCount" : 0,
    "errorPct" : 0.0,
    "meanResTime" : 680.2500000000001,
    "medianResTime" : 628.0,
    "minResTime" : 357.0,
    "maxResTime" : 5195.0,
    "pct1ResTime" : 714.6,
    "pct2ResTime" : 749.8499999999999,
    "pct3ResTime" : 5153.519999999979,
    "throughput" : 1.8123493484604092,
    "receivedKBytesPerSec" : 24.957572618572957,
    "sentKBytesPerSec" : 0.201765454809069
  },
  "Academic Structure" : {
    "transaction" : "Academic Structure",
    "sampleCount" : 100,
    "errorCount" : 0,
    "errorPct" : 0.0,
    "meanResTime" : 1865.1600000000003,
    "medianResTime" : 2038.0,
    "minResTime" : 1103.0,
    "maxResTime" : 2726.0,
    "pct1ResTime" : 2379.6,
    "pct2ResTime" : 2569.349999999999,
    "pct3ResTime" : 2725.5499999999997,
    "throughput" : 1.763170886522322,
    "receivedKBytesPerSec" : 28.724515982042103,
    "sentKBytesPerSec" : 0.6870167809789125
  },
  "Final Results-0" : {
    "transaction" : "Final Results-0",
    "sampleCount" : 100,
    "errorCount" : 0,
    "errorPct" : 0.0,
    "meanResTime" : 378.46000000000004,
    "medianResTime" : 369.0,
    "minResTime" : 336.0,
    "maxResTime" : 669.0,
    "pct1ResTime" : 409.0,
    "pct2ResTime" : 434.24999999999983,
    "pct3ResTime" : 668.99,
    "throughput" : 1.827151470856934,
    "receivedKBytesPerSec" : 2.015986861638955,
    "sentKBytesPerSec" : 0.23909989950666913
  },
  "CA Results" : {
    "transaction" : "CA Results",
    "sampleCount" : 100,
    "errorCount" : 0,
    "errorPct" : 0.0,
    "meanResTime" : 1414.3899999999996,
    "medianResTime" : 1395.0,
    "minResTime" : 1092.0,
    "maxResTime" : 1905.0,
    "pct1ResTime" : 1548.6,
    "pct2ResTime" : 1656.2999999999997,
    "pct3ResTime" : 1904.3999999999996,
    "throughput" : 1.8025488040088686,
    "receivedKBytesPerSec" : 29.294709829073312,
    "sentKBytesPerSec" : 0.6741954999369109
  },
  "Total" : {
    "transaction" : "Total",
    "sampleCount" : 1899,
    "errorCount" : 2,
    "errorPct" : 0.10531859,
    "meanResTime" : 760.6061084781452,
    "medianResTime" : 616.0,
    "minResTime" : 2.0,
    "maxResTime" : 5604.0,
    "pct1ResTime" : 1433.0,
    "pct2ResTime" : 1558.0,
    "pct3ResTime" : 2326.0,
    "throughput" : 30.77197303603837,
    "receivedKBytesPerSec" : 258.20915730530527,
    "sentKBytesPerSec" : 5.587794665138061
  },
  "Homepage-2" : {
    "transaction" : "Homepage-2",
    "sampleCount" : 99,
    "errorCount" : 0,
    "errorPct" : 0.0,
    "meanResTime" : 640.262626262626,
    "medianResTime" : 638.0,
    "minResTime" : 365.0,
    "maxResTime" : 964.0,