{
  "Homepage" : {
    "transaction" : "Homepage",
    "sampleCount" : 350,
    "errorCount" : 0,
    "errorPct" : 0.0,
    "meanResTime" : 1124.7799999999997,
    "medianResTime" : 1078.0,
    "minResTime" : 761.0,
    "maxResTime" : 4034.0,
    "pct1ResTime" : 1389.9,
    "pct2ResTime" : 1449.85,
    "pct3ResTime" : 2310.660000000005,
    "throughput" : 1.0003029488930932,
    "receivedKBytesPerSec" : 96.85982297049249,
    "sentKBytesPerSec" : 0.13382959374839237
  },
  "Yoga Page" : {
    "transaction" : "Yoga Page",
    "sampleCount" : 350,
    "errorCount" : 0,
    "errorPct" : 0.0,
    "meanResTime" : 862.7742857142852,
    "medianResTime" : 864.5,
    "minResTime" : 593.0,
    "maxResTime" : 1344.0,
    "pct1ResTime" : 958.7,
    "pct2ResTime" : 1005.9,
    "pct3ResTime" : 1176.96,
    "throughput" : 1.0086484399090487,
    "receivedKBytesPerSec" : 253.81216764133325,
    "sentKBytesPerSec" : 0.1595713352199862
  },
  "Tops Women" : {
    "transaction" : "Tops Women",
    "sampleCount" : 350,
    "errorCount" : 0,
    "errorPct" : 0.0,
    "meanResTime" : 699.5085714285718,
    "medianResTime" : 691.0,
    "minResTime" : 497.0,
    "maxResTime" : 1412.0,
    "pct1ResTime" : 793.8000000000001,
    "pct2ResTime" : 847.1499999999999,
    "pct3ResTime" : 984.5400000000013,
    "throughput" : 1.0093116206372506,
    "receivedKBytesPerSec" : 235.31451310356834,
    "sentKBytesPerSec" : 0.15573362896551327
  },
  "Fitness Equipment" : {
    "transaction" : "Fitness Equipment",
    "sampleCount" : 350,
    "errorCount" : 0,
    "errorPct" : 0.0,
    "meanResTime" : 561.291428571429,
    "medianResTime" : 539.0,
    "minResTime" : 462.0,
    "maxResTime" : 1440.0,
    "pct1ResTime" : 670.5000000000002,
    "pct2ResTime" : 704.25,
    "pct3ResTime" : 823.9200000000001,
    "throughput" : 1.0099844173832746,
    "receivedKBytesPerSec" : 134.86667416640213,
    "sentKBytesPerSec" : 0.16175531684654007
  },
  "Bags" : {
    "transaction" : "Bags",
    "sampleCount" : 350,
    "errorCount" : 0,
    "errorPct" : 0.0,
    "meanResTime" : 608.6085714285709,
    "medianResTime" : 624.5,
    "minResTime" : 465.0,
    "maxResTime" : 1057.0,
    "pct1ResTime" : 712.0,
    "pct2ResTime" : 743.6999999999999,
    "pct3ResTime" : 841.9000000000001,
    "throughput" : 1.0100835194772961,
    "receivedKBytesPerSec" : 147.87180531776508,
    "sentKBytesPerSec" : 0.14894786273542163
  },
  "Women Bottoms" : {
    "transaction" : "Women Bottoms",
    "sampleCount" : 350,
    "errorCount" : 0,
    "errorPct" : 0.0,
    "meanResTime" : 672.9742857142851,
    "medianResTime" : 666.0,
    "minResTime" : 487.0,
    "maxResTime" : 1385.0,
    "pct1ResTime" : 754.0,
    "pct2ResTime" : 802.3499999999999,
    "pct3ResTime" : 999.8300000000006,
    "throughput" : 1.0099785884539247,
    "receivedKBytesPerSec" : 217.6511156791601,
    "sentKBytesPerSec" : 0.1587954616612128
  },
  "Total" : {
    "transaction" : "Total",
    "sampleCount" : 3150,
    "errorCount" : 0,
    "errorPct" : 0.0,
    "meanResTime" : 713.4406349206347,
    "medianResTime" : 667.0,
    "minResTime" : 459.0,
    "maxResTime" : 4034.0,
    "pct1ResTime" : 964.0,
    "pct2ResTime" : 1106.4499999999998,
    "pct3ResTime" : 1400.9799999999996,
    "throughput" : 8.876364917224373,
    "receivedKBytesPerSec" : 1594.2706498767172,
    "sentKBytesPerSec" : 1.3464798344487496
  },
  "Watches" : {
    "transaction" : "Watches",
    "sampleCount" : 350,
    "errorCount" : 0,
    "errorPct" : 0.0,
    "meanResTime" : 552.4057142857145,
    "medianResTime" : 530.0,
    "minResTime" : 459.0,
    "maxResTime" : 959.0,
    "pct1ResTime" : 681.9000000000001,
    "pct2ResTime" : 717.9,
    "pct3ResTime" : 851.7900000000006,
    "throughput" : 1.0100427103774674,
    "receivedKBytesPerSec" : 116.81600775658693,
    "sentKBytesPerSec" : 0.1519009544903613
  },
  "Men Pants" : {
    "transaction" : "Men Pants",
    "sampleCount" : 350,
    "errorCount" : 0,
    "errorPct" : 0.0,
    "meanResTime" : 665.3228571428576,
    "medianResTime" : 664.5,
    "minResTime" : 486.0,
    "maxResTime" : 1010.0,
    "pct1ResTime" : 743.8000000000001,
    "pct2ResTime" : 798.3499999999999,
    "pct3ResTime" : 933.96,
    "throughput" : 1.0095794668843514,
    "receivedKBytesPerSec" : 214.56307338705258,
    "sentKBytesPerSec" : 0.15478903935629215
  },
  "Tops Men" : {
    "transaction" : "Tops Men",
    "sampleCount" : 350,
    "errorCount" : 0,
    "errorPct" : 0.0,
    "meanResTime" : 673.2999999999996,
    "medianResTime" : 667.0,
    "minResTime" : 493.0,
    "maxResTime" : 1605.0,
    "pct1ResTime" : 743.7,
    "pct2ResTime" : 792.8,
    "pct3ResTime" : 989.8200000000002,
    "throughput" : 1.0101826410214967,
    "receivedKBytesPerSec" : 213.40626630272433,
    "sentKBytesPerSec" : 0.15192199874737353
  }
}