{
  "ub-exchange student" : {
    "transaction" : "ub-exchange student",
    "sampleCount" : 150,
    "errorCount" : 0,
    "errorPct" : 0.0,
    "meanResTime" : 600.1800000000001,
    "medianResTime" : 530.0,
    "minResTime" : 272.0,
    "maxResTime" : 1610.0,
    "pct1ResTime" : 841.8,
    "pct2ResTime" : 933.6499999999999,
    "pct3ResTime" : 1339.7000000000048,
    "throughput" : 2.7203482045701852,
    "receivedKBytesPerSec" : 231.7573732771128,
    "sentKBytesPerSec" : 0.446307127312296
  },
  "ub-transportation" : {
    "transaction" : "ub-transportation",
    "sampleCount" : 150,
    "errorCount" : 0,
    "errorPct" : 0.0,
    "meanResTime" : 517.6066666666669,
    "medianResTime" : 517.5,
    "minResTime" : 251.0,
    "maxResTime" : 1316.0,
    "pct1ResTime" : 802.9,
    "pct2ResTime" : 950.8499999999999,
    "pct3ResTime" : 1198.190000000002,
    "throughput" : 2.722026639567379,
    "receivedKBytesPerSec" : 217.57835892416432,
    "sentKBytesPerSec" : 0.4226584332922005
  },
  "ub homepage" : {
    "transaction" : "ub homepage",
    "sampleCount" : 150,
    "errorCount" : 0,
    "errorPct" : 0.0,
    "meanResTime" : 3411.866666666666,
    "medianResTime" : 3324.0,
    "minResTime" : 3013.0,
    "maxResTime" : 5375.0,
    "pct1ResTime" : 3814.4,
    "pct2ResTime" : 4109.949999999999,
    "pct3ResTime" : 5106.740000000005,
    "throughput" : 2.8022193577313232,
    "receivedKBytesPerSec" : 424.7025232525827,
    "sentKBytesPerSec" : 0.32017545395953595
  },
  "ub-fee and scholarships" : {
    "transaction" : "ub-fee and scholarships",
    "sampleCount" : 150,
    "errorCount" : 0,
    "errorPct" : 0.0,
    "meanResTime" : 471.94666666666683,
    "medianResTime" : 502.5,
    "minResTime" : 255.0,
    "maxResTime" : 1419.0,
    "pct1ResTime" : 670.0000000000002,
    "pct2ResTime" : 795.8999999999997,
    "pct3ResTime" : 1274.1600000000026,
    "throughput" : 2.7056277056277054,
    "receivedKBytesPerSec" : 214.29786847267317,
    "sentKBytesPerSec" : 0.3831211106601732
  },
  "ub-faculties and schools" : {
    "transaction" : "ub-faculties and schools",
    "sampleCount" : 150,
    "errorCount" : 0,
    "errorPct" : 0.0,
    "meanResTime" : 492.85333333333324,
    "medianResTime" : 511.5,
    "minResTime" : 255.0,
    "maxResTime" : 1390.0,
    "pct1ResTime" : 760.3000000000001,
    "pct2ResTime" : 841.5499999999997,
    "pct3ResTime" : 1219.660000000003,
    "throughput" : 2.6929982046678638,
    "receivedKBytesPerSec" : 224.75656067661578,
    "sentKBytesPerSec" : 0.38133275359066426
  },
  "ub-finance" : {
    "transaction" : "ub-finance",
    "sampleCount" : 150,
    "errorCount" : 0,
    "errorPct" : 0.0,
    "meanResTime" : 605.426666666667,
    "medianResTime" : 538.0,
    "minResTime" : 280.0,
    "maxResTime" : 2794.0,
    "pct1ResTime" : 788.6,
    "pct2ResTime" : 991.6999999999997,
    "pct3ResTime" : 1925.9800000000155,
    "throughput" : 2.726677815749291,
    "receivedKBytesPerSec" : 214.81996257634697,
    "sentKBytesPerSec" : 0.4127295521886134
  },
  "ub-health center" : {
    "transaction" : "ub-health center",
    "sampleCount" : 150,
    "errorCount" : 0,
    "errorPct" : 0.0,
    "meanResTime" : 518.74,
    "medianResTime" : 512.5,
    "minResTime" : 247.0,
    "maxResTime" : 1789.0,
    "pct1ResTime" : 782.3000000000001,
    "pct2ResTime" : 851.1499999999999,
    "pct3ResTime" : 1719.6400000000012,
    "throughput" : 2.7255382938130284,
    "receivedKBytesPerSec" : 224.7253345882166,
    "sentKBytesPerSec" : 0.4205420414281821
  },
  "ub-httc application form" : {
    "transaction" : "ub-httc application form",
    "sampleCount" : 150,
    "errorCount" : 0,
    "errorPct" : 0.0,
    "meanResTime" : 387.88,
    "medianResTime" : 304.0,
    "minResTime" : 238.0,
    "maxResTime" : 1162.0,
    "pct1ResTime" : 578.9,
    "pct2ResTime" : 617.5999999999999,
    "pct3ResTime" : 1083.4600000000014,
    "throughput" : 2.69478827946751,
    "receivedKBytesPerSec" : 166.7515162394679,
    "sentKBytesPerSec" : 0.4815881397876507
  },
  "ub-job opportunities" : {
    "transaction" : "ub-job opportunities",
    "sampleCount" : 150,
    "errorCount" : 0,
    "errorPct" : 0.0,
    "meanResTime" : 964.686666666667,
    "medianResTime" : 827.0,
    "minResTime" : 708.0,
    "maxResTime" : 3003.0,
    "pct1ResTime" : 1412.7,
    "pct2ResTime" : 1590.6,
    "pct3ResTime" : 2668.950000000006,
    "throughput" : 2.9077656728569767,
    "receivedKBytesPerSec" : 264.2985780117183,
    "sentKBytesPerSec" : 0.4373006968945063
  },
  "ub-sports" : {
    "transaction" : "ub-sports",
    "sampleCount" : 150,
    "errorCount" : 0,
    "errorPct" : 0.0,
    "meanResTime" : 629.8066666666666,
    "medianResTime" : 541.0,
    "minResTime" : 465.0,
    "maxResTime" : 2055.0,
    "pct1ResTime" : 924.8000000000001,
    "pct2ResTime" : 1059.35,
    "pct3ResTime" : 1695.4500000000064,
    "throughput" : 2.7368766763369643,
    "receivedKBytesPerSec" : 223.84835935646905,
    "sentKBytesPerSec" : 0.4089278627730034
  },
  "ub-news" : {
    "transaction" : "ub-news",
    "sampleCount" : 150,
    "errorCount" : 0,
    "errorPct" : 0.0,
    "meanResTime" : 698.9999999999999,
    "medianResTime" : 555.0,
    "minResTime" : 473.0,
    "maxResTime" : 2910.0,
    "pct1ResTime" : 1194.8000000000002,
    "pct2ResTime" : 1273.85,
    "pct3ResTime" : 2269.9500000000116,
    "throughput" : 2.8111998200832113,
    "receivedKBytesPerSec" : 243.8612437157971,
    "sentKBytesPerSec" : 0.3843437254020016
  },
  "ub-FET" : {
    "transaction" : "ub-FET",
    "sampleCount" : 150,
    "errorCount" : 0,
    "errorPct" : 0.0,
    "meanResTime" : 514.3533333333334,
    "medianResTime" : 515.5,
    "minResTime" : 252.0,
    "maxResTime" : 1207.0,
    "pct1ResTime" : 734.9000000000001,
    "pct2ResTime" : 811.1999999999998,
    "pct3ResTime" : 1150.900000000001,
    "throughput" : 2.686390744488422,
    "receivedKBytesPerSec" : 231.66036367574367,
    "sentKBytesPerSec" : 0.4905811222845067
  },
  "Total" : {
    "transaction" : "Total",
    "sampleCount" : 2400,
    "errorCount" : 0,
    "errorPct" : 0.0,
    "meanResTime" : 802.2691666666673,
    "medianResTime" : 545.0,
    "minResTime" : 238.0,
    "maxResTime" : 5375.0,
    "pct1ResTime" : 1287.8000000000002,
    "pct2ResTime" : 3212.5499999999984,
    "pct3ResTime" : 3563.9199999999983,
    "throughput" : 35.59563360227812,
    "receivedKBytesPerSec" : 3061.785451258083,
    "sentKBytesPerSec" : 5.357594754835073
  },
  "why us" : {
    "transaction" : "why us",
    "sampleCount" : 150,
    "errorCount" : 0,
    "errorPct" : 0.0,
    "meanResTime" : 1193.3399999999995,
    "medianResTime" : 1107.5,
    "minResTime" : 965.0,
    "maxResTime" : 1941.0,
    "pct1ResTime" : 1542.9,
    "pct2ResTime" : 1645.1499999999999,
    "pct3ResTime" : 1896.6300000000008,
    "throughput" : 2.9535698814633955,
    "receivedKBytesPerSec" : 265.6909169111566,
    "sentKBytesPerSec" : 0.3922709998818572
  },
  "ub-Admission requirements" : {
    "transaction" : "ub-Admission requirements",
    "sampleCount" : 150,
    "errorCount" : 0,
    "errorPct" : 0.0,
    "meanResTime" : 488.21999999999986,
    "medianResTime" : 497.5,
    "minResTime" : 259.0,
    "maxResTime" : 1720.0,
    "pct1ResTime" : 783.6000000000001,
    "pct2ResTime" : 870.9499999999991,
    "pct3ResTime" : 1639.9300000000014,
    "throughput" : 2.7156694125101835,
    "receivedKBytesPerSec" : 218.5445567801213,
    "sentKBytesPerSec" : 0.4587996175432244
  },
  "ub-announcements" : {
    "transaction" : "ub-announcements",
    "sampleCount" : 150,
    "errorCount" : 0,
    "errorPct" : 0.0,
    "meanResTime" : 648.1133333333332,
    "medianResTime" : 544.0,
    "minResTime" : 460.0,
    "maxResTime" : 2690.0,
    "pct1ResTime" : 1005.9000000000001,
    "pct2ResTime" : 1156.3499999999995,
    "pct3ResTime" : 2113.7000000000103,
    "throughput" : 2.864891707093472,
    "receivedKBytesPerSec" : 189.2559398754727,
    "sentKBytesPerSec" : 0.3944821588868941
  },