{
  "Academic Structure-1" : {
    "transaction" : "Academic Structure-1",
    "sampleCount" : 10,
    "errorCount" : 0,
    "errorPct" : 0.0,
    "meanResTime" : 1125.1999999999998,
    "medianResTime" : 1062.0,
    "minResTime" : 883.0,
    "maxResTime" : 1604.0,
    "pct1ResTime" : 1579.6000000000001,
    "pct2ResTime" : 1604.0,
    "pct3ResTime" : 1604.0,
    "throughput" : 0.21931267407943505,
    "receivedKBytesPerSec" : 0.3048960183784021,
    "sentKBytesPerSec" : 0.02998415465929776
  },
  "Academic Structure-2" : {
    "transaction" : "Academic Structure-2",
    "sampleCount" : 10,
    "errorCount" : 0,
    "errorPct" : 0.0,
    "meanResTime" : 695.5999999999999,
    "medianResTime" : 706.5,
    "minResTime" : 620.0,
    "maxResTime" : 756.0,
    "pct1ResTime" : 753.7,
    "pct2ResTime" : 756.0,
    "pct3ResTime" : 756.0,
    "throughput" : 0.22407457201756745,
    "receivedKBytesPerSec" : 3.085708173680201,
    "sentKBytesPerSec" : 0.02603991608407278
  },
  "Homepage" : {
    "transaction" : "Homepage",
    "sampleCount" : 10,
    "errorCount" : 0,
    "errorPct" : 0.0,
    "meanResTime" : 1331.6,
    "medianResTime" : 1261.0,
    "minResTime" : 1057.0,
    "maxResTime" : 1993.0,
    "pct1ResTime" : 1950.0000000000002,
    "pct2ResTime" : 1993.0,
    "pct3ResTime" : 1993.0,
    "throughput" : 0.222246916324036,
    "receivedKBytesPerSec" : 3.6053919185465055,
    "sentKBytesPerSec" : 0.08052109956661851
  },
  "Academic Structure-0" : {
    "transaction" : "Academic Structure-0",
    "sampleCount" : 10,
    "errorCount" : 0,
    "errorPct" : 0.0,
    "meanResTime" : 661.6,
    "medianResTime" : 630.0,
    "minResTime" : 591.0,
    "maxResTime" : 839.0,
    "pct1ResTime" : 828.0,
    "pct2ResTime" : 839.0,
    "pct3ResTime" : 839.0,
    "throughput" : 0.2201721746405689,
    "receivedKBytesPerSec" : 0.2494137915850195,
    "sentKBytesPerSec" : 0.030101664501640285
  },
  "CA Results-1" : {
    "transaction" : "CA Results-1",
    "sampleCount" : 10,
    "errorCount" : 0,
    "errorPct" : 0.0,
    "meanResTime" : 402.40000000000003,
    "medianResTime" : 377.5,
    "minResTime" : 362.0,
    "maxResTime" : 512.0,
    "pct1ResTime" : 507.70000000000005,
    "pct2ResTime" : 512.0,
    "pct3ResTime" : 512.0,
    "throughput" : 0.2254130694497667,
    "receivedKBytesPerSec" : 0.31311284178256654,
    "sentKBytesPerSec" : 0.02905715348375899
  },
  "CA Results-2" : {
    "transaction" : "CA Results-2",
    "sampleCount" : 10,
    "errorCount" : 0,
    "errorPct" : 0.0,
    "meanResTime" : 595.8,
    "medianResTime" : 612.0,
    "minResTime" : 381.0,
    "maxResTime" : 1068.0,
    "pct1ResTime" : 1032.7,
    "pct2ResTime" : 1068.0,
    "pct3ResTime" : 1068.0,
    "throughput" : 0.22532164665059373,
    "receivedKBytesPerSec" : 3.103365601270814,
    "sentKBytesPerSec" : 0.026184839796309232
  },
  "Final Results-1" : {
    "transaction" : "Final Results-1",
    "sampleCount" : 10,
    "errorCount" : 0,
    "errorPct" : 0.0,
    "meanResTime" : 367.4,
    "medianResTime" : 369.5,
    "minResTime" : 344.0,
    "maxResTime" : 386.0,
    "pct1ResTime" : 385.3,
    "pct2ResTime" : 386.0,
    "pct3ResTime" : 386.0,
    "throughput" : 0.2254791431792559,
    "receivedKBytesPerSec" : 0.3126321166854566,
    "sentKBytesPerSec" : 0.02950605975197294
  },
  "CA Results-0" : {
    "transaction" : "CA Results-0",
    "sampleCount" : 10,
    "errorCount" : 0,
    "errorPct" : 0.0,
    "meanResTime" : 448.9,
    "medianResTime" : 376.5,
    "minResTime" : 333.0,
    "maxResTime" : 1060.0,
    "pct1ResTime" : 999.6000000000003,
    "pct2ResTime" : 1060.0,
    "pct3ResTime" : 1060.0,
    "throughput" : 0.22556051788694906,
    "receivedKBytesPerSec" : 0.2469711451707493,
    "sentKBytesPerSec" : 0.029076160508864527
  },
  "Final Results-2" : {
    "transaction" : "Final Results-2",
    "sampleCount" : 10,
    "errorCount" : 0,
    "errorPct" : 0.0,
    "meanResTime" : 610.5,
    "medianResTime" : 521.5,
    "minResTime" : 376.0,
    "maxResTime" : 1435.0,
    "pct1ResTime" : 1367.6000000000004,
    "pct2ResTime" : 1435.0,
    "pct3ResTime" : 1435.0,
    "throughput" : 0.22545372562281593,
    "receivedKBytesPerSec" : 3.105096663284861,
    "sentKBytesPerSec" : 0.02620018881749521
  },
  "Login" : {
    "transaction" : "Login",
    "sampleCount" : 10,
    "errorCount" : 0,
    "errorPct" : 0.0,
    "meanResTime" : 871.9000000000001,
    "medianResTime" : 858.0,
    "minResTime" : 697.0,
    "maxResTime" : 1024.0,
    "pct1ResTime" : 1023.9,
    "pct2ResTime" : 1024.0,
    "pct3ResTime" : 1024.0,
    "throughput" : 0.2239140170174653,
    "receivedKBytesPerSec" : 3.307848536162114,
    "sentKBytesPerSec" : 0.04985585535154501
  },
  "Login-0" : {
    "transaction" : "Login-0",
    "sampleCount" : 10,
    "errorCount" : 0,
    "errorPct" : 0.0,
    "meanResTime" : 346.5,
    "medianResTime" : 345.0,
    "minResTime" : 331.0,
    "maxResTime" : 366.0,
    "pct1ResTime" : 365.8,
    "pct2ResTime" : 366.0,
    "pct3ResTime" : 366.0,
    "throughput" : 0.22574382590636147,
    "receivedKBytesPerSec" : 0.22583200708835613,
    "sentKBytesPerSec" : 0.025131636868481647
  },
  "Login-1" : {
    "transaction" : "Login-1",
    "sampleCount" : 10,
    "errorCount" : 0,
    "errorPct" : 0.0,
    "meanResTime" : 525.0999999999999,
    "medianResTime" : 508.5,
    "minResTime" : 362.0,
    "maxResTime" : 678.0,
    "pct1ResTime" : 677.9,
    "pct2ResTime" : 678.0,
    "pct3ResTime" : 678.0,
    "throughput" : 0.22559104854719364,
    "receivedKBytesPerSec" : 3.1069439039658904,
    "sentKBytesPerSec" : 0.025114628451543042
  },
  "Academic Structure" : {
    "transaction" : "Academic Structure",
    "sampleCount" : 10,
    "errorCount" : 0,
    "errorPct" : 0.0,
    "meanResTime" : 2485.8999999999996,
    "medianResTime" : 2429.0,
    "minResTime" : 2134.0,
    "maxResTime" : 3158.0,
    "pct1ResTime" : 3114.2000000000003,
    "pct2ResTime" : 3158.0,
    "pct3ResTime" : 3158.0,
    "throughput" : 0.21235480240385635,
    "receivedKBytesPerSec" : 3.460097537215179,
    "sentKBytesPerSec" : 0.08274371695228387
  },
  "Final Results-0" : {
    "transaction" : "Final Results-0",
    "sampleCount" : 10,
    "errorCount" : 0,
    "errorPct" : 0.0,
    "meanResTime" : 352.20000000000005,
    "medianResTime" : 353.0,
    "minResTime" : 319.0,
    "maxResTime" : 382.0,
    "pct1ResTime" : 380.8,
    "pct2ResTime" : 382.0,
    "pct3ResTime" : 382.0,
    "throughput" : 0.22562158747348945,
    "receivedKBytesPerSec" : 0.24884474696538963,
    "sentKBytesPerSec" : 0.02952469992328866
  },
  "CA Results" : {
    "transaction" : "CA Results",
    "sampleCount" : 10,
    "errorCount" : 0,
    "errorPct" : 0.0,
    "meanResTime" : 1447.5,
    "medianResTime" : 1362.5,
    "minResTime" : 1125.0,
    "maxResTime" : 2149.0,
    "pct1ResTime" : 2118.4,
    "pct2ResTime" : 2149.0,
    "pct3ResTime" : 2149.0,
    "throughput" : 0.22183278244859025,
    "receivedKBytesPerSec" : 3.606342476541183,
    "sentKBytesPerSec" : 0.0829706598416114
  },
  "Total" : {
    "transaction" : "Total",
    "sampleCount" : 190,
    "errorCount" : 0,
    "errorPct" : 0.0,
    "meanResTime" : 785.7894736842103,
    "medianResTime" : 624.5,
    "minResTime" : 319.0,
    "maxResTime" : 3158.0,
    "pct1ResTime" : 1439.5,
    "pct2ResTime" : 2200.8499999999985,
    "pct3ResTime" : 2759.4200000000014,
    "throughput" : 3.7179813318200496,
    "receivedKBytesPerSec" : 31.23433005400857,
    "sentKBytesPerSec" : 0.6757186466547952
  },
  "Homepage-2" : {
    "transaction" : "Homepage-2",
    "sampleCount" : 10,
    "errorCount" : 0,
    "errorPct" : 0.0,
    "meanResTime" : 531.6,
    "medianResTime" : 534.5,
    "minResTime" : 357.0,
    "maxResTime" : 716.0,
    "pct1ResTime" : 714.6,
    "pct2ResTime" : 716.0,
    "pct3ResTime" : 716.0,
    "throughput" : 0.22623922535689237,
    "receivedKBytesPerSec" : 3.1158267064093574,
    "sentKBytesPerSec" : 0.026291472477998235
  },