{
  "Academic Structure-1" : {
    "transaction" : "Academic Structure-1",
    "sampleCount" : 10,
    "errorCount" : 0,
    "errorPct" : 0.0,
    "meanResTime" : 972.0,
    "medianResTime" : 948.5,
    "minResTime" : 795.0,
    "maxResTime" : 1446.0,
    "pct1ResTime" : 1406.0,
    "pct2ResTime" : 1446.0,
    "pct3ResTime" : 1446.0,
    "throughput" : 0.22006557954270373,
    "receivedKBytesPerSec" : 0.30538397317400584,
    "sentKBytesPerSec" : 0.030087090953104023
  },
  "Academic Structure-2" : {
    "transaction" : "Academic Structure-2",
    "sampleCount" : 10,
    "errorCount" : 0,
    "errorPct" : 0.0,
    "meanResTime" : 658.6999999999999,
    "medianResTime" : 649.0,
    "minResTime" : 537.0,
    "maxResTime" : 790.0,
    "pct1ResTime" : 786.5,
    "pct2ResTime" : 790.0,
    "pct3ResTime" : 790.0,
    "throughput" : 0.22392905927402199,
    "receivedKBytesPerSec" : 3.08405422162259,
    "sentKBytesPerSec" : 0.026023005911727168
  },
  "Homepage" : {
    "transaction" : "Homepage",
    "sampleCount" : 10,
    "errorCount" : 0,
    "errorPct" : 0.0,
    "meanResTime" : 1244.1000000000001,
    "medianResTime" : 1247.0,
    "minResTime" : 987.0,
    "maxResTime" : 1391.0,
    "pct1ResTime" : 1385.7,
    "pct2ResTime" : 1391.0,
    "pct3ResTime" : 1391.0,
    "throughput" : 0.21829294913774286,
    "receivedKBytesPerSec" : 3.5412488403187075,
    "sentKBytesPerSec" : 0.07908855872080331
  },
  "Academic Structure-0" : {
    "transaction" : "Academic Structure-0",
    "sampleCount" : 10,
    "errorCount" : 0,
    "errorPct" : 0.0,
    "meanResTime" : 648.1,
    "medianResTime" : 611.0,
    "minResTime" : 570.0,
    "maxResTime" : 811.0,
    "pct1ResTime" : 809.5,
    "pct2ResTime" : 811.0,
    "pct3ResTime" : 811.0,
    "throughput" : 0.22026916892442566,
    "receivedKBytesPerSec" : 0.25003992378686757,
    "sentKBytesPerSec" : 0.030114925438886317
  },
  "CA Results-1" : {
    "transaction" : "CA Results-1",
    "sampleCount" : 10,
    "errorCount" : 0,
    "errorPct" : 0.0,
    "meanResTime" : 362.8,
    "medianResTime" : 344.0,
    "minResTime" : 307.0,
    "maxResTime" : 487.0,
    "pct1ResTime" : 478.40000000000003,
    "pct2ResTime" : 487.0,
    "pct3ResTime" : 487.0,
    "throughput" : 0.22605511223636324,
    "receivedKBytesPerSec" : 0.31303334878043265,
    "sentKBytesPerSec" : 0.029139916811718694
  },
  "CA Results-2" : {
    "transaction" : "CA Results-2",
    "sampleCount" : 10,
    "errorCount" : 0,
    "errorPct" : 0.0,
    "meanResTime" : 598.7,
    "medianResTime" : 623.0,
    "minResTime" : 363.0,
    "maxResTime" : 740.0,
    "pct1ResTime" : 735.2,
    "pct2ResTime" : 740.0,
    "pct3ResTime" : 740.0,
    "throughput" : 0.2245021664459062,
    "receivedKBytesPerSec" : 3.0914649888871426,
    "sentKBytesPerSec" : 0.026089607233459804
  },
  "Final Results-1" : {
    "transaction" : "Final Results-1",
    "sampleCount" : 10,
    "errorCount" : 0,
    "errorPct" : 0.0,
    "meanResTime" : 355.5,
    "medianResTime" : 346.5,
    "minResTime" : 330.0,
    "maxResTime" : 409.0,
    "pct1ResTime" : 406.3,
    "pct2ResTime" : 409.0,
    "pct3ResTime" : 409.0,
    "throughput" : 0.22486058643640944,
    "receivedKBytesPerSec" : 0.3120379817638064,
    "sentKBytesPerSec" : 0.029425115803202014
  },
  "CA Results-0" : {
    "transaction" : "CA Results-0",
    "sampleCount" : 10,
    "errorCount" : 0,
    "errorPct" : 0.0,
    "meanResTime" : 342.5,
    "medianResTime" : 328.5,
    "minResTime" : 321.0,
    "maxResTime" : 413.0,
    "pct1ResTime" : 408.3,
    "pct2ResTime" : 413.0,
    "pct3ResTime" : 413.0,
    "throughput" : 0.22612667616398707,
    "receivedKBytesPerSec" : 0.2472377213214843,
    "sentKBytesPerSec" : 0.029149141849263958
  },
  "Final Results-2" : {
    "transaction" : "Final Results-2",
    "sampleCount" : 10,
    "errorCount" : 0,
    "errorPct" : 0.0,
    "meanResTime" : 567.5,
    "medianResTime" : 581.5,
    "minResTime" : 381.0,
    "maxResTime" : 743.0,
    "pct1ResTime" : 735.8000000000001,
    "pct2ResTime" : 743.0,
    "pct3ResTime" : 743.0,
    "throughput" : 0.22402437385187507,
    "receivedKBytesPerSec" : 3.084929390317667,
    "sentKBytesPerSec" : 0.02603408250817689
  },
  "Login" : {
    "transaction" : "Login",
    "sampleCount" : 10,
    "errorCount" : 0,
    "errorPct" : 0.0,
    "meanResTime" : 929.1,
    "medianResTime" : 939.5,
    "minResTime" : 725.0,
    "maxResTime" : 1100.0,
    "pct1ResTime" : 1092.4,
    "pct2ResTime" : 1100.0,
    "pct3ResTime" : 1100.0,
    "throughput" : 0.22150847269908072,
    "receivedKBytesPerSec" : 3.2718791532838627,
    "sentKBytesPerSec" : 0.04932024587440469
  },
  "Login-0" : {
    "transaction" : "Login-0",
    "sampleCount" : 10,
    "errorCount" : 0,
    "errorPct" : 0.0,
    "meanResTime" : 345.4,
    "medianResTime" : 329.0,
    "minResTime" : 315.0,
    "maxResTime" : 409.0,
    "pct1ResTime" : 408.8,
    "pct2ResTime" : 409.0,
    "pct3ResTime" : 409.0,
    "throughput" : 0.2243309329923503,
    "receivedKBytesPerSec" : 0.22428711835700024,
    "sentKBytesPerSec" : 0.024974342149539
  },
  "Login-1" : {
    "transaction" : "Login-1",
    "sampleCount" : 10,
    "errorCount" : 0,
    "errorPct" : 0.0,
    "meanResTime" : 582.9,
    "medianResTime" : 578.0,
    "minResTime" : 376.0,
    "maxResTime" : 772.0,
    "pct1ResTime" : 762.1,
    "pct2ResTime" : 772.0,
    "pct3ResTime" : 772.0,
    "throughput" : 0.22323421734083398,
    "receivedKBytesPerSec" : 3.074179335208501,
    "sentKBytesPerSec" : 0.024852246852397536
  },
  "Academic Structure" : {
    "transaction" : "Academic Structure",
    "sampleCount" : 10,
    "errorCount" : 0,
    "errorPct" : 0.0,
    "meanResTime" : 2280.8,
    "medianResTime" : 2193.5,
    "minResTime" : 2000.0,
    "maxResTime" : 3006.0,
    "pct1ResTime" : 2965.2000000000003,
    "pct2ResTime" : 3006.0,
    "pct3ResTime" : 3006.0,
    "throughput" : 0.21313327223512862,
    "receivedKBytesPerSec" : 3.4730732752189946,
    "sentKBytesPerSec" : 0.08304704650568001
  },
  "Final Results-0" : {
    "transaction" : "Final Results-0",
    "sampleCount" : 10,
    "errorCount" : 0,
    "errorPct" : 0.0,
    "meanResTime" : 375.7,
    "medianResTime" : 327.0,
    "minResTime" : 309.0,
    "maxResTime" : 762.0,
    "pct1ResTime" : 723.2000000000002,
    "pct2ResTime" : 762.0,
    "pct3ResTime" : 762.0,
    "throughput" : 0.22494657518839276,
    "receivedKBytesPerSec" : 0.2482759953885952,
    "sentKBytesPerSec" : 0.029436368237543583
  },
  "CA Results" : {
    "transaction" : "CA Results",
    "sampleCount" : 10,
    "errorCount" : 0,
    "errorPct" : 0.0,
    "meanResTime" : 1304.6000000000001,
    "medianResTime" : 1348.5,
    "minResTime" : 1019.0,
    "maxResTime" : 1489.0,
    "pct1ResTime" : 1483.4,
    "pct2ResTime" : 1489.0,
    "pct3ResTime" : 1489.0,
    "throughput" : 0.22100912767697306,
    "receivedKBytesPerSec" : 3.591052997988817,
    "sentKBytesPerSec" : 0.08266259365261786
  },
  "Total" : {
    "transaction" : "Total",
    "sampleCount" : 190,
    "errorCount" : 0,
    "errorPct" : 0.0,
    "meanResTime" : 742.6578947368422,
    "medianResTime" : 591.0,
    "minResTime" : 304.0,
    "maxResTime" : 3006.0,
    "pct1ResTime" : 1351.3,
    "pct2ResTime" : 2044.5499999999988,
    "pct3ResTime" : 2634.720000000001,
    "throughput" : 3.6685910679461684,
    "receivedKBytesPerSec" : 30.81578785406731,
    "sentKBytesPerSec" : 0.6667422911316638
  },
  "Homepage-2" : {
    "transaction" : "Homepage-2",
    "sampleCount" : 10,
    "errorCount" : 0,
    "errorPct" : 0.0,
    "meanResTime" : 556.8000000000001,
    "medianResTime" : 593.5,
    "minResTime" : 339.0,
    "maxResTime" : 656.0,
    "pct1ResTime" : 652.7,
    "pct2ResTime" : 656.0,
    "pct3ResTime" : 656.0,
    "throughput" : 0.22187215726298506,
    "receivedKBytesPerSec" : 3.0557689534290344,
    "sentKBytesPerSec" : 0.02578397140067893
  },
  "Final Results" : {
    "transaction" : "Final Results",
    "sampleCount" : 10,
    "errorCount" : 0,