{
  "Homepage" : {
    "transaction" : "Homepage",
    "sampleCount" : 100,
    "errorCount" : 0,
    "errorPct" : 0.0,
    "meanResTime" : 1233.8899999999999,
    "medianResTime" : 1182.0,
    "minResTime" : 818.0,
    "maxResTime" : 2602.0,
    "pct1ResTime" : 1563.7,
    "pct2ResTime" : 1598.1,
    "pct3ResTime" : 2597.3099999999977,
    "throughput" : 1.6558210388621197,
    "receivedKBytesPerSec" : 160.33425076167768,
    "sentKBytesPerSec" : 0.22153074445713908
  },
  "Yoga Page" : {
    "transaction" : "Yoga Page",
    "sampleCount" : 100,
    "errorCount" : 0,
    "errorPct" : 0.0,
    "meanResTime" : 911.9399999999997,
    "medianResTime" : 920.5,
    "minResTime" : 687.0,
    "maxResTime" : 1387.0,
    "pct1ResTime" : 1042.5,
    "pct2ResTime" : 1087.8499999999997,
    "pct3ResTime" : 1385.129999999999,
    "throughput" : 1.7020117779215034,
    "receivedKBytesPerSec" : 428.28659804013347,
    "sentKBytesPerSec" : 0.2692635820539878
  },
  "Tops Women" : {
    "transaction" : "Tops Women",
    "sampleCount" : 100,
    "errorCount" : 0,
    "errorPct" : 0.0,
    "meanResTime" : 726.9200000000001,
    "medianResTime" : 726.0,
    "minResTime" : 508.0,
    "maxResTime" : 1157.0,
    "pct1ResTime" : 838.8,
    "pct2ResTime" : 876.75,
    "pct3ResTime" : 1155.4499999999991,
    "throughput" : 1.706397283415525,
    "receivedKBytesPerSec" : 397.83467849875433,
    "sentKBytesPerSec" : 0.2632917683395048
  },
  "Fitness Equipment" : {
    "transaction" : "Fitness Equipment",
    "sampleCount" : 100,
    "errorCount" : 0,
    "errorPct" : 0.0,
    "meanResTime" : 588.48,
    "medianResTime" : 577.5,
    "minResTime" : 475.0,
    "maxResTime" : 800.0,
    "pct1ResTime" : 691.5,
    "pct2ResTime" : 720.6999999999999,
    "pct3ResTime" : 799.3899999999996,
    "throughput" : 1.7120649215018233,
    "receivedKBytesPerSec" : 228.62070632843398,
    "sentKBytesPerSec" : 0.2741978975842764
  },
  "Bags" : {
    "transaction" : "Bags",
    "sampleCount" : 100,
    "errorCount" : 0,
    "errorPct" : 0.0,
    "meanResTime" : 626.0699999999997,
    "medianResTime" : 624.0,
    "minResTime" : 500.0,
    "maxResTime" : 1072.0,
    "pct1ResTime" : 754.6,
    "pct2ResTime" : 788.75,
    "pct3ResTime" : 1069.2599999999986,
    "throughput" : 1.7052333611854782,
    "receivedKBytesPerSec" : 249.63742142604403,
    "sentKBytesPerSec" : 0.2514553100966867
  },
  "Women Bottoms" : {
    "transaction" : "Women Bottoms",
    "sampleCount" : 100,
    "errorCount" : 0,
    "errorPct" : 0.0,
    "meanResTime" : 683.1400000000001,
    "medianResTime" : 681.5,
    "minResTime" : 510.0,
    "maxResTime" : 860.0,
    "pct1ResTime" : 768.6,
    "pct2ResTime" : 783.9,
    "pct3ResTime" : 859.93,
    "throughput" : 1.7007959725151371,
    "receivedKBytesPerSec" : 366.5216649516974,
    "sentKBytesPerSec" : 0.2674103042723995
  },
  "Total" : {
    "transaction" : "Total",
    "sampleCount" : 900,
    "errorCount" : 0,
    "errorPct" : 0.0,
    "meanResTime" : 747.9844444444434,
    "medianResTime" : 687.0,
    "minResTime" : 475.0,
    "maxResTime" : 2602.0,
    "pct1ResTime" : 1034.9,
    "pct2ResTime" : 1221.85,
    "pct3ResTime" : 1574.89,
    "throughput" : 13.634710944127983,
    "receivedKBytesPerSec" : 2453.4164981659424,
    "sentKBytesPerSec" : 2.0682862304569145
  },
  "Watches" : {
    "transaction" : "Watches",
    "sampleCount" : 100,
    "errorCount" : 0,
    "errorPct" : 0.0,
    "meanResTime" : 590.1899999999997,
    "medianResTime" : 573.5,
    "minResTime" : 478.0,
    "maxResTime" : 1035.0,
    "pct1ResTime" : 703.5,
    "pct2ResTime" : 722.75,
    "pct3ResTime" : 1034.99,
    "throughput" : 1.7094309304432556,
    "receivedKBytesPerSec" : 197.7028987675003,
    "sentKBytesPerSec" : 0.2570823860236927
  },
  "Men Pants" : {
    "transaction" : "Men Pants",
    "sampleCount" : 100,
    "errorCount" : 0,
    "errorPct" : 0.0,
    "meanResTime" : 692.5999999999998,
    "medianResTime" : 684.5,
    "minResTime" : 508.0,
    "maxResTime" : 951.0,
    "pct1ResTime" : 792.8,
    "pct2ResTime" : 860.8999999999997,
    "pct3ResTime" : 950.7699999999999,
    "throughput" : 1.7084671632611221,
    "receivedKBytesPerSec" : 368.17856111293827,
    "sentKBytesPerSec" : 0.2619427193671838
  },
  "Tops Men" : {
    "transaction" : "Tops Men",
    "sampleCount" : 100,
    "errorCount" : 0,
    "errorPct" : 0.0,
    "meanResTime" : 678.63,
    "medianResTime" : 680.5,
    "minResTime" : 515.0,
    "maxResTime" : 923.0,
    "pct1ResTime" : 782.8,
    "pct2ResTime" : 835.8,
    "pct3ResTime" : 922.4899999999998,
    "throughput" : 1.6966118661033915,
    "receivedKBytesPerSec" : 358.4184522181079,
    "sentKBytesPerSec" : 0.25515451892570534
  }
}