{
  "Homepage" : {
    "transaction" : "Homepage",
    "sampleCount" : 5000,
    "errorCount" : 0,
    "errorPct" : 0.0,
    "meanResTime" : 1064.5477999999966,
    "medianResTime" : 1030.5,
    "minResTime" : 720.0,
    "maxResTime" : 3581.0,
    "pct1ResTime" : 1312.0,
    "pct2ResTime" : 1385.0,
    "pct3ResTime" : 1515.9699999999993,
    "throughput" : 1.0000066000435603,
    "receivedKBytesPerSec" : 96.83138557151977,
    "sentKBytesPerSec" : 0.1337899455136404
  },
  "Yoga Page" : {
    "transaction" : "Yoga Page",
    "sampleCount" : 5000,
    "errorCount" : 0,
    "errorPct" : 0.0,
    "meanResTime" : 846.8816000000012,
    "medianResTime" : 841.0,
    "minResTime" : 600.0,
    "maxResTime" : 3172.0,
    "pct1ResTime" : 940.0,
    "pct2ResTime" : 976.0,
    "pct3ResTime" : 1118.9899999999998,
    "throughput" : 1.0003749405277098,
    "receivedKBytesPerSec" : 251.72992454759543,
    "sentKBytesPerSec" : 0.15826244176317283
  },
  "Tops Women" : {
    "transaction" : "Tops Women",
    "sampleCount" : 5000,
    "errorCount" : 0,
    "errorPct" : 0.0,
    "meanResTime" : 680.3889999999986,
    "medianResTime" : 678.0,
    "minResTime" : 480.0,
    "maxResTime" : 2469.0,
    "pct1ResTime" : 759.0,
    "pct2ResTime" : 795.0,
    "pct3ResTime" : 897.9899999999998,
    "throughput" : 1.000397557989545,
    "receivedKBytesPerSec" : 233.23547195624292,
    "sentKBytesPerSec" : 0.1543582169554181
  },
  "Fitness Equipment" : {
    "transaction" : "Fitness Equipment",
    "sampleCount" : 5000,
    "errorCount" : 0,
    "errorPct" : 0.0,
    "meanResTime" : 546.2233999999994,
    "medianResTime" : 530.0,
    "minResTime" : 456.0,
    "maxResTime" : 1448.0,
    "pct1ResTime" : 639.9000000000005,
    "pct2ResTime" : 680.0,
    "pct3ResTime" : 800.0,
    "throughput" : 1.0006836670813501,
    "receivedKBytesPerSec" : 133.62469238984073,
    "sentKBytesPerSec" : 0.16026574355599746
  },
  "Bags" : {
    "transaction" : "Bags",
    "sampleCount" : 5000,
    "errorCount" : 0,
    "errorPct" : 0.0,
    "meanResTime" : 591.8976000000008,
    "medianResTime" : 596.0,
    "minResTime" : 460.0,
    "maxResTime" : 3023.0,
    "pct1ResTime" : 680.0,
    "pct2ResTime" : 708.0,
    "pct3ResTime" : 820.0,
    "throughput" : 1.00069027615249,
    "receivedKBytesPerSec" : 146.49653710035432,
    "sentKBytesPerSec" : 0.14756272626858005
  },
  "Women Bottoms" : {
    "transaction" : "Women Bottoms",
    "sampleCount" : 5000,
    "errorCount" : 0,
    "errorPct" : 0.0,
    "meanResTime" : 659.6583999999974,
    "medianResTime" : 659.0,
    "minResTime" : 474.0,
    "maxResTime" : 5056.0,
    "pct1ResTime" : 722.0,
    "pct2ResTime" : 756.0,
    "pct3ResTime" : 885.9899999999998,
    "throughput" : 1.0006924791956033,
    "receivedKBytesPerSec" : 215.64991919720947,
    "sentKBytesPerSec" : 0.15733543862352747
  },
  "Total" : {
    "transaction" : "Total",
    "sampleCount" : 45000,
    "errorCount" : 0,
    "errorPct" : 0.0,
    "meanResTime" : 693.335622222231,
    "medianResTime" : 655.0,
    "minResTime" : 454.0,
    "maxResTime" : 5346.0,
    "pct1ResTime" : 941.0,
    "pct2ResTime" : 1074.0,
    "pct3ResTime" : 1328.0,
    "throughput" : 8.990586855562228,
    "receivedKBytesPerSec" : 1617.7567895007678,
    "sentKBytesPerSec" : 1.3638064696263013
  },
  "Watches" : {
    "transaction" : "Watches",
    "sampleCount" : 5000,
    "errorCount" : 0,
    "errorPct" : 0.0,
    "meanResTime" : 538.4523999999989,
    "medianResTime" : 523.0,
    "minResTime" : 454.0,
    "maxResTime" : 1816.0,
    "pct1ResTime" : 625.0,
    "pct2ResTime" : 683.0,
    "pct3ResTime" : 768.9899999999998,
    "throughput" : 1.0006926794727309,
    "receivedKBytesPerSec" : 115.73419108988493,
    "sentKBytesPerSec" : 0.1504947974988287
  },
  "Men Pants" : {
    "transaction" : "Men Pants",
    "sampleCount" : 5000,
    "errorCount" : 0,
    "errorPct" : 0.0,
    "meanResTime" : 654.6187999999983,
    "medianResTime" : 657.0,
    "minResTime" : 474.0,
    "maxResTime" : 2571.0,
    "pct1ResTime" : 719.0,
    "pct2ResTime" : 750.9499999999998,
    "pct3ResTime" : 868.9899999999998,
    "throughput" : 1.0003811452163276,
    "receivedKBytesPerSec" : 215.58470652318533,
    "sentKBytesPerSec" : 0.1533787498036752
  },
  "Tops Men" : {
    "transaction" : "Tops Men",
    "sampleCount" : 5000,
    "errorCount" : 0,
    "errorPct" : 0.0,
    "meanResTime" : 657.3515999999976,
    "medianResTime" : 657.0,
    "minResTime" : 470.0,
    "maxResTime" : 5346.0,
    "pct1ResTime" : 721.0,
    "pct2ResTime" : 759.9499999999998,
    "pct3ResTime" : 890.9899999999998,
    "throughput" : 1.0006754559327546,
    "receivedKBytesPerSec" : 211.39794576182672,
    "sentKBytesPerSec" : 0.15049220723988693
  }
}