{
  "Homepage" : {
    "transaction" : "Homepage",
    "sampleCount" : 100,
    "errorCount" : 0,
    "errorPct" : 0.0,
    "meanResTime" : 1465.3199999999995,
    "medianResTime" : 1398.5,
    "minResTime" : 759.0,
    "maxResTime" : 2858.0,
    "pct1ResTime" : 2026.8000000000004,
    "pct2ResTime" : 2118.35,
    "pct3ResTime" : 2855.319999999999,
    "throughput" : 0.9999400035997841,
    "receivedKBytesPerSec" : 96.82546000364978,
    "sentKBytesPerSec" : 0.13378103563786173
  },
  "Yoga Page" : {
    "transaction" : "Yoga Page",
    "sampleCount" : 100,
    "errorCount" : 0,
    "errorPct" : 0.0,
    "meanResTime" : 1081.5699999999997,
    "medianResTime" : 1048.0,
    "minResTime" : 655.0,
    "maxResTime" : 1880.0,
    "pct1ResTime" : 1418.0,
    "pct2ResTime" : 1517.35,
    "pct3ResTime" : 1878.9699999999996,
    "throughput" : 1.0197214121102116,
    "receivedKBytesPerSec" : 256.599828176942,
    "sentKBytesPerSec" : 0.1613231140252483
  },
  "Tops Women" : {
    "transaction" : "Tops Women",
    "sampleCount" : 100,
    "errorCount" : 0,
    "errorPct" : 0.0,
    "meanResTime" : 863.56,
    "medianResTime" : 835.0,
    "minResTime" : 558.0,
    "maxResTime" : 1598.0,
    "pct1ResTime" : 1094.8000000000002,
    "pct2ResTime" : 1250.3999999999992,
    "pct3ResTime" : 1597.1899999999996,
    "throughput" : 1.0259567046270648,
    "receivedKBytesPerSec" : 239.1954836263722,
    "sentKBytesPerSec" : 0.15830191340925412
  },
  "Fitness Equipment" : {
    "transaction" : "Fitness Equipment",
    "sampleCount" : 100,
    "errorCount" : 0,
    "errorPct" : 0.0,
    "meanResTime" : 724.09,
    "medianResTime" : 698.0,
    "minResTime" : 484.0,
    "maxResTime" : 1497.0,
    "pct1ResTime" : 922.3000000000002,
    "pct2ResTime" : 962.8999999999997,
    "pct3ResTime" : 1492.2099999999975,
    "throughput" : 1.0328124515869164,
    "receivedKBytesPerSec" : 137.91683261595904,
    "sentKBytesPerSec" : 0.16541136919946708
  },
  "Bags" : {
    "transaction" : "Bags",
    "sampleCount" : 100,
    "errorCount" : 0,
    "errorPct" : 0.0,
    "meanResTime" : 761.3900000000003,
    "medianResTime" : 738.0,
    "minResTime" : 511.0,
    "maxResTime" : 1534.0,
    "pct1ResTime" : 991.3000000000002,
    "pct2ResTime" : 1122.8499999999992,
    "pct3ResTime" : 1530.6099999999983,
    "throughput" : 1.0375811907281745,
    "receivedKBytesPerSec" : 151.89756982272925,
    "sentKBytesPerSec" : 0.15300269511714293
  },
  "Women Bottoms" : {
    "transaction" : "Women Bottoms",
    "sampleCount" : 100,
    "errorCount" : 0,
    "errorPct" : 0.0,
    "meanResTime" : 827.5999999999999,
    "medianResTime" : 782.0,
    "minResTime" : 551.0,
    "maxResTime" : 1480.0,
    "pct1ResTime" : 1031.1000000000001,
    "pct2ResTime" : 1200.3499999999997,
    "pct3ResTime" : 1479.0199999999995,
    "throughput" : 1.0382922169615418,
    "receivedKBytesPerSec" : 223.75224652366788,
    "sentKBytesPerSec" : 0.1632471161433674
  },
  "Total" : {
    "transaction" : "Total",
    "sampleCount" : 900,
    "errorCount" : 0,
    "errorPct" : 0.0,
    "meanResTime" : 897.5111111111113,
    "medianResTime" : 824.5,
    "minResTime" : 471.0,
    "maxResTime" : 2858.0,
    "pct1ResTime" : 1298.9,
    "pct2ResTime" : 1510.6999999999996,
    "pct3ResTime" : 2058.76,
    "throughput" : 8.525068437354957,
    "receivedKBytesPerSec" : 1531.1787727571966,
    "sentKBytesPerSec" : 1.293190719989391
  },
  "Watches" : {
    "transaction" : "Watches",
    "sampleCount" : 100,
    "errorCount" : 0,
    "errorPct" : 0.0,
    "meanResTime" : 714.4999999999999,
    "medianResTime" : 693.5,
    "minResTime" : 471.0,
    "maxResTime" : 1412.0,
    "pct1ResTime" : 906.5000000000001,
    "pct2ResTime" : 1077.6999999999998,
    "pct3ResTime" : 1410.7399999999993,
    "throughput" : 1.0358722562333613,
    "receivedKBytesPerSec" : 119.80320895420925,
    "sentKBytesPerSec" : 0.15578547603509535
  },
  "Men Pants" : {
    "transaction" : "Men Pants",
    "sampleCount" : 100,
    "errorCount" : 0,
    "errorPct" : 0.0,
    "meanResTime" : 810.0000000000001,
    "medianResTime" : 807.0,
    "minResTime" : 506.0,
    "maxResTime" : 1191.0,
    "pct1ResTime" : 947.4000000000001,
    "pct2ResTime" : 1084.95,
    "pct3ResTime" : 1190.96,
    "throughput" : 1.030832190827655,
    "receivedKBytesPerSec" : 219.0799770349916,
    "sentKBytesPerSec" : 0.1580475136327557
  },
  "Tops Men" : {
    "transaction" : "Tops Men",
    "sampleCount" : 100,
    "errorCount" : 0,
    "errorPct" : 0.0,
    "meanResTime" : 829.57,
    "medianResTime" : 816.0,
    "minResTime" : 565.0,
    "maxResTime" : 1411.0,
    "pct1ResTime" : 1044.8000000000002,
    "pct2ResTime" : 1145.2999999999997,
    "pct3ResTime" : 1409.5099999999993,
    "throughput" : 1.0411460936198569,
    "receivedKBytesPerSec" : 219.9477450402403,
    "sentKBytesPerSec" : 0.15657861173579876
  }
}