{
  "Academic Structure-1" : {
    "transaction" : "Academic Structure-1",
    "sampleCount" : 10,
    "errorCount" : 0,
    "errorPct" : 0.0,
    "meanResTime" : 1120.6,
    "medianResTime" : 1043.5,
    "minResTime" : 951.0,
    "maxResTime" : 1634.0,
    "pct1ResTime" : 1603.4,
    "pct2ResTime" : 1634.0,
    "pct3ResTime" : 1634.0,
    "throughput" : 0.22057039504157752,
    "receivedKBytesPerSec" : 0.30673070560469373,
    "sentKBytesPerSec" : 0.030156108697090674
  },
  "Academic Structure-2" : {
    "transaction" : "Academic Structure-2",
    "sampleCount" : 10,
    "errorCount" : 0,
    "errorPct" : 0.0,
    "meanResTime" : 706.6999999999999,
    "medianResTime" : 721.0,
    "minResTime" : 617.0,
    "maxResTime" : 783.0,
    "pct1ResTime" : 779.1,
    "pct2ResTime" : 783.0,
    "pct3ResTime" : 783.0,
    "throughput" : 0.2256317689530686,
    "receivedKBytesPerSec" : 3.1071081058212995,
    "sentKBytesPerSec" : 0.026220879399819496
  },
  "Homepage" : {
    "transaction" : "Homepage",
    "sampleCount" : 10,
    "errorCount" : 0,
    "errorPct" : 0.0,
    "meanResTime" : 1248.5,
    "medianResTime" : 1275.0,
    "minResTime" : 1009.0,
    "maxResTime" : 1432.0,
    "pct1ResTime" : 1429.7,
    "pct2ResTime" : 1432.0,
    "pct3ResTime" : 1432.0,
    "throughput" : 0.22696838330420574,
    "receivedKBytesPerSec" : 3.682517689348374,
    "sentKBytesPerSec" : 0.08223170918541048
  },
  "Academic Structure-0" : {
    "transaction" : "Academic Structure-0",
    "sampleCount" : 10,
    "errorCount" : 0,
    "errorPct" : 0.0,
    "meanResTime" : 688.8,
    "medianResTime" : 649.0,
    "minResTime" : 603.0,
    "maxResTime" : 1080.0,
    "pct1ResTime" : 1044.9,
    "pct2ResTime" : 1080.0,
    "pct3ResTime" : 1080.0,
    "throughput" : 0.22010432945216032,
    "receivedKBytesPerSec" : 0.24963785959544824,
    "sentKBytesPerSec" : 0.030092388792287546
  },
  "CA Results-1" : {
    "transaction" : "CA Results-1",
    "sampleCount" : 10,
    "errorCount" : 0,
    "errorPct" : 0.0,
    "meanResTime" : 384.5,
    "medianResTime" : 377.0,
    "minResTime" : 317.0,
    "maxResTime" : 470.0,
    "pct1ResTime" : 465.70000000000005,
    "pct2ResTime" : 470.0,
    "pct3ResTime" : 470.0,
    "throughput" : 0.22779043280182235,
    "receivedKBytesPerSec" : 0.3160147351936219,
    "sentKBytesPerSec" : 0.02936361047835991
  },
  "CA Results-2" : {
    "transaction" : "CA Results-2",
    "sampleCount" : 10,
    "errorCount" : 0,
    "errorPct" : 0.0,
    "meanResTime" : 563.5,
    "medianResTime" : 563.0,
    "minResTime" : 332.0,
    "maxResTime" : 811.0,
    "pct1ResTime" : 805.3000000000001,
    "pct2ResTime" : 811.0,
    "pct3ResTime" : 811.0,
    "throughput" : 0.22794620469569182,
    "receivedKBytesPerSec" : 3.1391575963072715,
    "sentKBytesPerSec" : 0.02648984214725325
  },
  "Final Results-1" : {
    "transaction" : "Final Results-1",
    "sampleCount" : 10,
    "errorCount" : 0,
    "errorPct" : 0.0,
    "meanResTime" : 374.29999999999995,
    "medianResTime" : 380.0,
    "minResTime" : 320.0,
    "maxResTime" : 417.0,
    "pct1ResTime" : 415.0,
    "pct2ResTime" : 417.0,
    "pct3ResTime" : 417.0,
    "throughput" : 0.2293788420956051,
    "receivedKBytesPerSec" : 0.3183079439627489,
    "sentKBytesPerSec" : 0.030016371914854578
  },
  "CA Results-0" : {
    "transaction" : "CA Results-0",
    "sampleCount" : 10,
    "errorCount" : 0,
    "errorPct" : 0.0,
    "meanResTime" : 358.59999999999997,
    "medianResTime" : 362.0,
    "minResTime" : 317.0,
    "maxResTime" : 392.0,
    "pct1ResTime" : 391.7,
    "pct2ResTime" : 392.0,
    "pct3ResTime" : 392.0,
    "throughput" : 0.22755717373990217,
    "receivedKBytesPerSec" : 0.24889065877801797,
    "sentKBytesPerSec" : 0.02933354192740926
  },
  "Final Results-2" : {
    "transaction" : "Final Results-2",
    "sampleCount" : 10,
    "errorCount" : 0,
    "errorPct" : 0.0,
    "meanResTime" : 529.1999999999999,
    "medianResTime" : 509.5,
    "minResTime" : 332.0,
    "maxResTime" : 714.0,
    "pct1ResTime" : 711.5,
    "pct2ResTime" : 714.0,
    "pct3ResTime" : 714.0,
    "throughput" : 0.22982165839308696,
    "receivedKBytesPerSec" : 3.165209812810259,
    "sentKBytesPerSec" : 0.02670779037966538
  },
  "Login" : {
    "transaction" : "Login",
    "sampleCount" : 10,
    "errorCount" : 0,
    "errorPct" : 0.0,
    "meanResTime" : 876.1,
    "medianResTime" : 855.5,
    "minResTime" : 669.0,
    "maxResTime" : 1081.0,
    "pct1ResTime" : 1077.7,
    "pct2ResTime" : 1081.0,
    "pct3ResTime" : 1081.0,
    "throughput" : 0.22852441783404556,
    "receivedKBytesPerSec" : 3.376001936744441,
    "sentKBytesPerSec" : 0.050882389908361705
  },
  "Login-0" : {
    "transaction" : "Login-0",
    "sampleCount" : 10,
    "errorCount" : 0,
    "errorPct" : 0.0,
    "meanResTime" : 363.5,
    "medianResTime" : 357.0,
    "minResTime" : 332.0,
    "maxResTime" : 425.0,
    "pct1ResTime" : 424.3,
    "pct2ResTime" : 425.0,
    "pct3ResTime" : 425.0,
    "throughput" : 0.23029800561927133,
    "receivedKBytesPerSec" : 0.2304779259361614,
    "sentKBytesPerSec" : 0.025638645156832944
  },
  "Login-1" : {
    "transaction" : "Login-1",
    "sampleCount" : 10,
    "errorCount" : 0,
    "errorPct" : 0.0,
    "meanResTime" : 512.0999999999999,
    "medianResTime" : 489.5,
    "minResTime" : 336.0,
    "maxResTime" : 692.0,
    "pct1ResTime" : 689.1,
    "pct2ResTime" : 692.0,
    "pct3ResTime" : 692.0,
    "throughput" : 0.23034044317501265,
    "receivedKBytesPerSec" : 3.172309767586493,
    "sentKBytesPerSec" : 0.025643369650343206
  },
  "Academic Structure" : {
    "transaction" : "Academic Structure",
    "sampleCount" : 10,
    "errorCount" : 0,
    "errorPct" : 0.0,
    "meanResTime" : 2518.0,
    "medianResTime" : 2417.0,
    "minResTime" : 2236.0,
    "maxResTime" : 3418.0,
    "pct1ResTime" : 3355.5,
    "pct2ResTime" : 3418.0,
    "pct3ResTime" : 3418.0,
    "throughput" : 0.21258503401360543,
    "receivedKBytesPerSec" : 3.4641810825892856,
    "sentKBytesPerSec" : 0.08283342633928571
  },
  "Final Results-0" : {
    "transaction" : "Final Results-0",
    "sampleCount" : 10,
    "errorCount" : 0,
    "errorPct" : 0.0,
    "meanResTime" : 370.3,
    "medianResTime" : 362.5,
    "minResTime" : 314.0,
    "maxResTime" : 497.0,
    "pct1ResTime" : 487.70000000000005,
    "pct2ResTime" : 497.0,
    "pct3ResTime" : 497.0,
    "throughput" : 0.22845654756465322,
    "receivedKBytesPerSec" : 0.25219461071004295,
    "sentKBytesPerSec" : 0.02989568102896829
  },
  "CA Results" : {
    "transaction" : "CA Results",
    "sampleCount" : 10,
    "errorCount" : 0,
    "errorPct" : 0.0,
    "meanResTime" : 1307.6,
    "medianResTime" : 1280.5,
    "minResTime" : 978.0,
    "maxResTime" : 1533.0,
    "pct1ResTime" : 1533.0,
    "pct2ResTime" : 1533.0,
    "pct3ResTime" : 1533.0,
    "throughput" : 0.22423535743115974,
    "receivedKBytesPerSec" : 3.6443939058435735,
    "sentKBytesPerSec" : 0.08386927919544354
  },
  "Total" : {
    "transaction" : "Total",
    "sampleCount" : 190,
    "errorCount" : 0,
    "errorPct" : 0.0,
    "meanResTime" : 760.2578947368421,
    "medianResTime" : 621.5,
    "minResTime" : 314.0,
    "maxResTime" : 3418.0,
    "pct1ResTime" : 1429.7,
    "pct2ResTime" : 2254.8999999999996,
    "pct3ResTime" : 2849.2500000000023,
    "throughput" : 3.75004934275451,
    "receivedKBytesPerSec" : 31.504346479887896,
    "sentKBytesPerSec" : 0.6815467966683773
  },
  "Homepage-2" : {
    "transaction" : "Homepage-2",
    "sampleCount" : 10,
    "errorCount" : 0,
    "errorPct" : 0.0,
    "meanResTime" : 524.3,
    "medianResTime" : 532.5,
    "minResTime" : 348.0,
    "maxResTime" : 715.0,
    "pct1ResTime" : 709.5,
    "pct2ResTime" : 715.0,
    "pct3ResTime" : 715.0,
    "throughput" : 0.2308988893763421,
    "receivedKBytesPerSec" : 3.1801361293264683,
    "sentKBytesPerSec" : 0.02683297640213351
  },
  "Final Results" : {
    "transaction" : "Final Results",
    "sampleCount" : 10,
    "errorCount" : 0,