{
  "Homepage" : {
    "transaction" : "Homepage",
    "sampleCount" : 150,
    "errorCount" : 0,
    "errorPct" : 0.0,
    "meanResTime" : 4858.199999999999,
    "medianResTime" : 1851.5,
    "minResTime" : 810.0,
    "maxResTime" : 16600.0,
    "pct1ResTime" : 11776.900000000001,
    "pct2ResTime" : 12853.899999999998,
    "pct3ResTime" : 16121.110000000008,
    "throughput" : 1.971453355413611,
    "receivedKBytesPerSec" : 190.90033348365665,
    "sentKBytesPerSec" : 0.2637588961832663
  },
  "Yoga Page" : {
    "transaction" : "Yoga Page",
    "sampleCount" : 150,
    "errorCount" : 0,
    "errorPct" : 0.0,
    "meanResTime" : 2754.3333333333335,
    "medianResTime" : 1440.0,
    "minResTime" : 659.0,
    "maxResTime" : 9317.0,
    "pct1ResTime" : 5965.6,
    "pct2ResTime" : 7075.899999999997,
    "pct3ResTime" : 8539.760000000013,
    "throughput" : 1.8518747145026482,
    "receivedKBytesPerSec" : 465.998724231935,
    "sentKBytesPerSec" : 0.29297236694280177
  },
  "Tops Women" : {
    "transaction" : "Tops Women",
    "sampleCount" : 150,
    "errorCount" : 0,
    "errorPct" : 0.0,
    "meanResTime" : 2805.906666666667,
    "medianResTime" : 1362.5,
    "minResTime" : 519.0,
    "maxResTime" : 10757.0,
    "pct1ResTime" : 6237.2,
    "pct2ResTime" : 6639.049999999999,
    "pct3ResTime" : 9923.660000000014,
    "throughput" : 1.7581696282057293,
    "receivedKBytesPerSec" : 409.90622591673895,
    "sentKBytesPerSec" : 0.2712800793520559
  },
  "Fitness Equipment" : {
    "transaction" : "Fitness Equipment",
    "sampleCount" : 150,
    "errorCount" : 0,
    "errorPct" : 0.0,
    "meanResTime" : 3072.0533333333333,
    "medianResTime" : 1739.5,
    "minResTime" : 494.0,
    "maxResTime" : 14030.0,
    "pct1ResTime" : 6530.700000000001,
    "pct2ResTime" : 7092.799999999999,
    "pct3ResTime" : 10883.810000000056,
    "throughput" : 1.6016913861037254,
    "receivedKBytesPerSec" : 213.88032637465164,
    "sentKBytesPerSec" : 0.2565208860556748
  },
  "Bags" : {
    "transaction" : "Bags",
    "sampleCount" : 150,
    "errorCount" : 0,
    "errorPct" : 0.0,
    "meanResTime" : 2805.8600000000006,
    "medianResTime" : 1887.0,
    "minResTime" : 489.0,
    "maxResTime" : 8714.0,
    "pct1ResTime" : 5872.500000000001,
    "pct2ResTime" : 6407.499999999999,
    "pct3ResTime" : 7899.020000000015,
    "throughput" : 1.529083161736223,
    "receivedKBytesPerSec" : 223.85116477909847,
    "sentKBytesPerSec" : 0.22548003654508758
  },
  "Women Bottoms" : {
    "transaction" : "Women Bottoms",
    "sampleCount" : 150,
    "errorCount" : 0,
    "errorPct" : 0.0,
    "meanResTime" : 2856.6200000000003,
    "medianResTime" : 2180.0,
    "minResTime" : 578.0,
    "maxResTime" : 11754.0,
    "pct1ResTime" : 5842.8,
    "pct2ResTime" : 6839.25,
    "pct3ResTime" : 10340.280000000024,
    "throughput" : 1.4701702457144539,
    "receivedKBytesPerSec" : 316.8200512384959,
    "sentKBytesPerSec" : 0.23114981402346393
  },
  "Total" : {
    "transaction" : "Total",
    "sampleCount" : 1350,
    "errorCount" : 0,
    "errorPct" : 0.0,
    "meanResTime" : 3101.2362962962948,
    "medianResTime" : 1721.0,
    "minResTime" : 484.0,
    "maxResTime" : 16600.0,
    "pct1ResTime" : 6555.9,
    "pct2ResTime" : 7565.1,
    "pct3ResTime" : 12111.17,
    "throughput" : 11.937500552662062,
    "receivedKBytesPerSec" : 2148.024506003015,
    "sentKBytesPerSec" : 1.8108317895639718
  },
  "Watches" : {
    "transaction" : "Watches",
    "sampleCount" : 150,
    "errorCount" : 0,
    "errorPct" : 0.0,
    "meanResTime" : 2959.9400000000014,
    "medianResTime" : 1535.5,
    "minResTime" : 484.0,
    "maxResTime" : 7442.0,
    "pct1ResTime" : 6538.1,
    "pct2ResTime" : 6778.299999999999,
    "pct3ResTime" : 7282.880000000003,
    "throughput" : 1.5731350484001216,
    "receivedKBytesPerSec" : 181.94077015448187,
    "sentKBytesPerSec" : 0.23658476313829954
  },
  "Men Pants" : {
    "transaction" : "Men Pants",
    "sampleCount" : 150,
    "errorCount" : 0,
    "errorPct" : 0.0,
    "meanResTime" : 3031.633333333333,
    "medianResTime" : 1518.5,
    "minResTime" : 539.0,
    "maxResTime" : 10981.0,
    "pct1ResTime" : 6795.400000000001,
    "pct2ResTime" : 6970.95,
    "pct3ResTime" : 9244.960000000032,
    "throughput" : 1.6492215674201776,
    "receivedKBytesPerSec" : 355.4086113932349,
    "sentKBytesPerSec" : 0.2528591660986015
  },
  "Tops Men" : {
    "transaction" : "Tops Men",
    "sampleCount" : 150,
    "errorCount" : 0,
    "errorPct" : 0.0,
    "meanResTime" : 2766.5800000000013,
    "medianResTime" : 1979.0,
    "minResTime" : 538.0,
    "maxResTime" : 8974.0,
    "pct1ResTime" : 5708.8,
    "pct2ResTime" : 6458.249999999998,
    "pct3ResTime" : 8579.770000000008,
    "throughput" : 1.4158690604292914,
    "receivedKBytesPerSec" : 299.1114094268562,
    "sentKBytesPerSec" : 0.21293343291612393
  }
}