{
  "ub-exchange student" : {
    "transaction" : "ub-exchange student",
    "sampleCount" : 200,
    "errorCount" : 0,
    "errorPct" : 0.0,
    "meanResTime" : 681.9800000000002,
    "medianResTime" : 597.0,
    "minResTime" : 262.0,
    "maxResTime" : 2283.0,
    "pct1ResTime" : 1006.1000000000001,
    "pct2ResTime" : 1203.5999999999997,
    "pct3ResTime" : 2203.640000000006,
    "throughput" : 3.8271652187224925,
    "receivedKBytesPerSec" : 326.05317307876305,
    "sentKBytesPerSec" : 0.6278942936966588
  },
  "ub-transportation" : {
    "transaction" : "ub-transportation",
    "sampleCount" : 200,
    "errorCount" : 0,
    "errorPct" : 0.0,
    "meanResTime" : 590.2749999999999,
    "medianResTime" : 563.0,
    "minResTime" : 243.0,
    "maxResTime" : 3397.0,
    "pct1ResTime" : 914.8000000000001,
    "pct2ResTime" : 1050.6999999999998,
    "pct3ResTime" : 1566.1500000000017,
    "throughput" : 3.8265794206558756,
    "receivedKBytesPerSec" : 305.8658921430758,
    "sentKBytesPerSec" : 0.5941661405119963
  },
  "ub homepage" : {
    "transaction" : "ub homepage",
    "sampleCount" : 200,
    "errorCount" : 0,
    "errorPct" : 0.0,
    "meanResTime" : 3822.885,
    "medianResTime" : 3649.0,
    "minResTime" : 3082.0,
    "maxResTime" : 8072.0,
    "pct1ResTime" : 4458.5,
    "pct2ResTime" : 4902.949999999999,
    "pct3ResTime" : 6766.620000000001,
    "throughput" : 3.6453112184452747,
    "receivedKBytesPerSec" : 552.4833148694522,
    "sentKBytesPerSec" : 0.4165052857012667
  },
  "ub-fee and scholarships" : {
    "transaction" : "ub-fee and scholarships",
    "sampleCount" : 200,
    "errorCount" : 0,
    "errorPct" : 0.0,
    "meanResTime" : 621.4949999999993,
    "medianResTime" : 560.5,
    "minResTime" : 252.0,
    "maxResTime" : 3108.0,
    "pct1ResTime" : 938.9,
    "pct2ResTime" : 1167.9499999999996,
    "pct3ResTime" : 2705.4900000000016,
    "throughput" : 3.793051130329237,
    "receivedKBytesPerSec" : 300.42650341137534,
    "sentKBytesPerSec" : 0.537101966697011
  },
  "ub-faculties and schools" : {
    "transaction" : "ub-faculties and schools",
    "sampleCount" : 200,
    "errorCount" : 0,
    "errorPct" : 0.0,
    "meanResTime" : 579.9550000000002,
    "medianResTime" : 557.5,
    "minResTime" : 243.0,
    "maxResTime" : 1407.0,
    "pct1ResTime" : 942.0,
    "pct2ResTime" : 1088.4999999999995,
    "pct3ResTime" : 1335.8400000000001,
    "throughput" : 3.787089810834864,
    "receivedKBytesPerSec" : 316.068980805372,
    "sentKBytesPerSec" : 0.5362578345420461
  },
  "ub-finance" : {
    "transaction" : "ub-finance",
    "sampleCount" : 200,
    "errorCount" : 0,
    "errorPct" : 0.0,
    "meanResTime" : 723.1900000000003,
    "medianResTime" : 592.0,
    "minResTime" : 260.0,
    "maxResTime" : 4158.0,
    "pct1ResTime" : 1024.3,
    "pct2ResTime" : 1384.5999999999992,
    "pct3ResTime" : 3941.310000000002,
    "throughput" : 3.821534346039935,
    "receivedKBytesPerSec" : 301.07962077242763,
    "sentKBytesPerSec" : 0.5784549058947167
  },
  "ub-health center" : {
    "transaction" : "ub-health center",
    "sampleCount" : 200,
    "errorCount" : 0,
    "errorPct" : 0.0,
    "meanResTime" : 594.6800000000003,
    "medianResTime" : 561.5,
    "minResTime" : 253.0,
    "maxResTime" : 2027.0,
    "pct1ResTime" : 939.7,
    "pct2ResTime" : 1064.3999999999999,
    "pct3ResTime" : 1743.8400000000001,
    "throughput" : 3.8278244559704495,
    "receivedKBytesPerSec" : 315.60954665400294,
    "sentKBytesPerSec" : 0.5906213516048153
  },
  "ub-httc application form" : {
    "transaction" : "ub-httc application form",
    "sampleCount" : 200,
    "errorCount" : 0,
    "errorPct" : 0.0,
    "meanResTime" : 529.76,
    "medianResTime" : 421.5,
    "minResTime" : 237.0,
    "maxResTime" : 3836.0,
    "pct1ResTime" : 721.9000000000001,
    "pct2ResTime" : 967.2499999999989,
    "pct3ResTime" : 3796.230000000005,
    "throughput" : 3.788165770134101,
    "receivedKBytesPerSec" : 234.40727709603948,
    "sentKBytesPerSec" : 0.6769866561860747
  },
  "ub-job opportunities" : {
    "transaction" : "ub-job opportunities",
    "sampleCount" : 200,
    "errorCount" : 0,
    "errorPct" : 0.0,
    "meanResTime" : 1088.4799999999998,
    "medianResTime" : 917.5,
    "minResTime" : 593.0,
    "maxResTime" : 4627.0,
    "pct1ResTime" : 1556.8,
    "pct2ResTime" : 1818.0,
    "pct3ResTime" : 4007.2700000000023,
    "throughput" : 3.828850387671102,
    "receivedKBytesPerSec" : 348.0180090576242,
    "sentKBytesPerSec" : 0.5758232028333493
  },
  "ub-sports" : {
    "transaction" : "ub-sports",
    "sampleCount" : 200,
    "errorCount" : 0,
    "errorPct" : 0.0,
    "meanResTime" : 701.9300000000005,
    "medianResTime" : 605.0,
    "minResTime" : 288.0,
    "maxResTime" : 3477.0,
    "pct1ResTime" : 1022.5,
    "pct2ResTime" : 1182.1499999999999,
    "pct3ResTime" : 3179.620000000012,
    "throughput" : 3.8216073680590052,
    "receivedKBytesPerSec" : 312.5665235852887,
    "sentKBytesPerSec" : 0.5710018821416287
  },
  "ub-news" : {
    "transaction" : "ub-news",
    "sampleCount" : 200,
    "errorCount" : 0,
    "errorPct" : 0.0,
    "meanResTime" : 797.975,
    "medianResTime" : 661.0,
    "minResTime" : 503.0,
    "maxResTime" : 2797.0,
    "pct1ResTime" : 1264.9000000000003,
    "pct2ResTime" : 1538.6,
    "pct3ResTime" : 2586.680000000003,
    "throughput" : 3.8234338259190577,
    "receivedKBytesPerSec" : 331.66934929338163,
    "sentKBytesPerSec" : 0.5227350933873712
  },
  "ub-FET" : {
    "transaction" : "ub-FET",
    "sampleCount" : 200,
    "errorCount" : 0,
    "errorPct" : 0.0,
    "meanResTime" : 598.115,
    "medianResTime" : 575.5,
    "minResTime" : 249.0,
    "maxResTime" : 1691.0,
    "pct1ResTime" : 873.5,
    "pct2ResTime" : 978.8499999999997,
    "pct3ResTime" : 1532.6000000000004,
    "throughput" : 3.77251721210978,
    "receivedKBytesPerSec" : 325.32011134820334,
    "sentKBytesPerSec" : 0.688926483070829
  },
  "Total" : {
    "transaction" : "Total",
    "sampleCount" : 3200,
    "errorCount" : 0,
    "errorPct" : 0.0,
    "meanResTime" : 922.5465625000024,
    "medianResTime" : 631.0,
    "minResTime" : 237.0,
    "maxResTime" : 8072.0,
    "pct1ResTime" : 1521.8000000000002,
    "pct2ResTime" : 3476.95,
    "pct3ResTime" : 4185.959999999999,
    "throughput" : 49.697157943780084,
    "receivedKBytesPerSec" : 4274.7375611508,
    "sentKBytesPerSec" : 7.480053191489362
  },
  "why us" : {
    "transaction" : "why us",
    "sampleCount" : 200,
    "errorCount" : 0,
    "errorPct" : 0.0,
    "meanResTime" : 1307.5649999999996,
    "medianResTime" : 1194.0,
    "minResTime" : 851.0,
    "maxResTime" : 3091.0,
    "pct1ResTime" : 1768.7,
    "pct2ResTime" : 2038.3999999999999,
    "pct3ResTime" : 2988.2500000000027,
    "throughput" : 3.827018752391887,
    "receivedKBytesPerSec" : 344.26117235337733,
    "sentKBytesPerSec" : 0.5082759280520475
  },
  "ub-Admission requirements" : {
    "transaction" : "ub-Admission requirements",
    "sampleCount" : 200,
    "errorCount" : 0,
    "errorPct" : 0.0,
    "meanResTime" : 619.4649999999997,
    "medianResTime" : 558.0,
    "minResTime" : 257.0,
    "maxResTime" : 3067.0,
    "pct1ResTime" : 999.6,
    "pct2ResTime" : 1318.599999999999,
    "pct3ResTime" : 2856.990000000009,
    "throughput" : 3.808580732390075,
    "receivedKBytesPerSec" : 306.5015783294137,
    "sentKBytesPerSec" : 0.6434418620151201
  },
  "ub-announcements" : {
    "transaction" : "ub-announcements",
    "sampleCount" : 200,
    "errorCount" : 0,
    "errorPct" : 0.0,
    "meanResTime" : 740.6849999999998,
    "medianResTime" : 639.0,
    "minResTime" : 477.0,
    "maxResTime" : 3164.0,
    "pct1ResTime" : 1061.7,
    "pct2ResTime" : 1219.8,
    "pct3ResTime" : 2108.4900000000052,
    "throughput" : 3.8497074222359102,
    "receivedKBytesPerSec" : 254.31293173867223,
    "sentKBytesPerSec" : 0.5300866665383431
  },
  "ub-library" : {
    "transaction" : "ub-library",
    "sampleCount" : 200,