{
  "Homepage" : {
    "transaction" : "Homepage",
    "sampleCount" : 550,
    "errorCount" : 0,
    "errorPct" : 0.0,
    "meanResTime" : 1150.890909090909,
    "medianResTime" : 1106.0,
    "minResTime" : 743.0,
    "maxResTime" : 2854.0,
    "pct1ResTime" : 1432.1000000000004,
    "pct2ResTime" : 1485.8999999999999,
    "pct3ResTime" : 1948.0700000000004,
    "throughput" : 1.0003237411380412,
    "receivedKBytesPerSec" : 96.86189313029944,
    "sentKBytesPerSec" : 0.1338323755233512
  },
  "Yoga Page" : {
    "transaction" : "Yoga Page",
    "sampleCount" : 550,
    "errorCount" : 0,
    "errorPct" : 0.0,
    "meanResTime" : 873.5745454545453,
    "medianResTime" : 853.0,
    "minResTime" : 619.0,
    "maxResTime" : 1483.0,
    "pct1ResTime" : 1022.1000000000004,
    "pct2ResTime" : 1086.7999999999997,
    "pct3ResTime" : 1286.8000000000002,
    "throughput" : 1.0037393854559988,
    "receivedKBytesPerSec" : 252.57747870019398,
    "sentKBytesPerSec" : 0.15879470746471855
  },
  "Tops Women" : {
    "transaction" : "Tops Women",
    "sampleCount" : 550,
    "errorCount" : 0,
    "errorPct" : 0.0,
    "meanResTime" : 703.9527272727263,
    "medianResTime" : 689.0,
    "minResTime" : 471.0,
    "maxResTime" : 1349.0,
    "pct1ResTime" : 822.9000000000001,
    "pct2ResTime" : 903.3499999999998,
    "pct3ResTime" : 1241.98,
    "throughput" : 1.0044267827662279,
    "receivedKBytesPerSec" : 234.17587667054434,
    "sentKBytesPerSec" : 0.15497991374713282
  },
  "Fitness Equipment" : {
    "transaction" : "Fitness Equipment",
    "sampleCount" : 550,
    "errorCount" : 0,
    "errorPct" : 0.0,
    "meanResTime" : 580.885454545454,
    "medianResTime" : 545.0,
    "minResTime" : 459.0,
    "maxResTime" : 1298.0,
    "pct1ResTime" : 707.9000000000001,
    "pct2ResTime" : 789.6999999999996,
    "pct3ResTime" : 1023.2700000000002,
    "throughput" : 1.0056094724755544,
    "receivedKBytesPerSec" : 134.28262355683614,
    "sentKBytesPerSec" : 0.16105464207616302
  },
  "Bags" : {
    "transaction" : "Bags",
    "sampleCount" : 550,
    "errorCount" : 0,
    "errorPct" : 0.0,
    "meanResTime" : 621.4254545454548,
    "medianResTime" : 622.5,
    "minResTime" : 464.0,
    "maxResTime" : 1254.0,
    "pct1ResTime" : 742.6000000000001,
    "pct2ResTime" : 791.0,
    "pct3ResTime" : 928.98,
    "throughput" : 1.00573451534568,
    "receivedKBytesPerSec" : 147.2350525993437,
    "sentKBytesPerSec" : 0.1483065545089821
  },
  "Women Bottoms" : {
    "transaction" : "Women Bottoms",
    "sampleCount" : 550,
    "errorCount" : 0,
    "errorPct" : 0.0,
    "meanResTime" : 683.8636363636365,
    "medianResTime" : 674.0,
    "minResTime" : 485.0,
    "maxResTime" : 1397.0,
    "pct1ResTime" : 784.9000000000001,
    "pct2ResTime" : 837.4999999999993,
    "pct3ResTime" : 1154.6500000000008,
    "throughput" : 1.0054054251676743,
    "receivedKBytesPerSec" : 216.66528506728446,
    "sentKBytesPerSec" : 0.1580764389179644
  },
  "Total" : {
    "transaction" : "Total",
    "sampleCount" : 4950,
    "errorCount" : 0,
    "errorPct" : 0.0,
    "meanResTime" : 725.8276767676758,
    "medianResTime" : 672.5,
    "minResTime" : 456.0,
    "maxResTime" : 2854.0,
    "pct1ResTime" : 1008.9000000000005,
    "pct2ResTime" : 1175.0,
    "pct3ResTime" : 1443.4899999999998,
    "throughput" : 8.901436817781294,
    "receivedKBytesPerSec" : 1598.7755923333002,
    "sentKBytesPerSec" : 1.3502830589472927
  },
  "Watches" : {
    "transaction" : "Watches",
    "sampleCount" : 550,
    "errorCount" : 0,
    "errorPct" : 0.0,
    "meanResTime" : 574.6345454545453,
    "medianResTime" : 538.5,
    "minResTime" : 456.0,
    "maxResTime" : 1404.0,
    "pct1ResTime" : 714.0,
    "pct2ResTime" : 759.4499999999999,
    "pct3ResTime" : 995.4100000000001,
    "throughput" : 1.0057050906963136,
    "receivedKBytesPerSec" : 116.3140079862127,
    "sentKBytesPerSec" : 0.15124861715550028
  },
  "Men Pants" : {
    "transaction" : "Men Pants",
    "sampleCount" : 550,
    "errorCount" : 0,
    "errorPct" : 0.0,
    "meanResTime" : 670.0763636363637,
    "medianResTime" : 661.0,
    "minResTime" : 484.0,
    "maxResTime" : 1463.0,
    "pct1ResTime" : 773.0,
    "pct2ResTime" : 848.8999999999999,
    "pct3ResTime" : 1062.6600000000003,
    "throughput" : 1.0050820603816755,
    "receivedKBytesPerSec" : 213.60795592121252,
    "sentKBytesPerSec" : 0.1540994955858623
  },
  "Tops Men" : {
    "transaction" : "Tops Men",
    "sampleCount" : 550,
    "errorCount" : 0,
    "errorPct" : 0.0,
    "meanResTime" : 673.145454545454,
    "medianResTime" : 662.0,
    "minResTime" : 486.0,
    "maxResTime" : 1644.0,
    "pct1ResTime" : 772.8000000000001,
    "pct2ResTime" : 853.0,
    "pct3ResTime" : 1040.45,
    "throughput" : 1.0035122930255895,
    "receivedKBytesPerSec" : 211.9979373831136,
    "sentKBytesPerSec" : 0.15091884094330155
  }
}