{
  "Homepage" : {
    "transaction" : "Homepage",
    "sampleCount" : 1000,
    "errorCount" : 0,
    "errorPct" : 0.0,
    "meanResTime" : 1076.6019999999999,
    "medianResTime" : 1044.5,
    "minResTime" : 738.0,
    "maxResTime" : 2820.0,
    "pct1ResTime" : 1305.6,
    "pct2ResTime" : 1382.9499999999998,
    "pct3ResTime" : 1795.8200000000002,
    "throughput" : 1.0001510228044435,
    "receivedKBytesPerSec" : 96.84543323073034,
    "sentKBytesPerSec" : 0.1338092676994226
  },
  "Yoga Page" : {
    "transaction" : "Yoga Page",
    "sampleCount" : 1000,
    "errorCount" : 0,
    "errorPct" : 0.0,
    "meanResTime" : 856.4020000000005,
    "medianResTime" : 843.0,
    "minResTime" : 603.0,
    "maxResTime" : 1888.0,
    "pct1ResTime" : 961.9,
    "pct2ResTime" : 1011.4999999999993,
    "pct3ResTime" : 1170.98,
    "throughput" : 1.0020532070211863,
    "receivedKBytesPerSec" : 252.15287021544646,
    "sentKBytesPerSec" : 0.15852794876702364
  },
  "Tops Women" : {
    "transaction" : "Tops Women",
    "sampleCount" : 1000,
    "errorCount" : 0,
    "errorPct" : 0.0,
    "meanResTime" : 682.9209999999996,
    "medianResTime" : 678.0,
    "minResTime" : 488.0,
    "maxResTime" : 1607.0,
    "pct1ResTime" : 767.9,
    "pct2ResTime" : 807.0,
    "pct3ResTime" : 1051.91,
    "throughput" : 1.0021646756995108,
    "receivedKBytesPerSec" : 233.64828772335744,
    "sentKBytesPerSec" : 0.15463087769582298
  },
  "Fitness Equipment" : {
    "transaction" : "Fitness Equipment",
    "sampleCount" : 1000,
    "errorCount" : 0,
    "errorPct" : 0.0,
    "meanResTime" : 563.4920000000005,
    "medianResTime" : 538.5,
    "minResTime" : 461.0,
    "maxResTime" : 1282.0,
    "pct1ResTime" : 687.9,
    "pct2ResTime" : 720.8999999999999,
    "pct3ResTime" : 919.6600000000003,
    "throughput" : 1.0022761691802082,
    "receivedKBytesPerSec" : 133.83710226236283,
    "sentKBytesPerSec" : 0.16052079272026773
  },
  "Bags" : {
    "transaction" : "Bags",
    "sampleCount" : 1000,
    "errorCount" : 0,
    "errorPct" : 0.0,
    "meanResTime" : 605.8379999999997,
    "medianResTime" : 612.5,
    "minResTime" : 460.0,
    "maxResTime" : 1181.0,
    "pct1ResTime" : 711.0,
    "pct2ResTime" : 741.9499999999999,
    "pct3ResTime" : 883.97,
    "throughput" : 1.0024077834959573,
    "receivedKBytesPerSec" : 146.7478770726034,
    "sentKBytesPerSec" : 0.1478159915116109
  },
  "Women Bottoms" : {
    "transaction" : "Women Bottoms",
    "sampleCount" : 1000,
    "errorCount" : 0,
    "errorPct" : 0.0,
    "meanResTime" : 671.3719999999994,
    "medianResTime" : 665.0,
    "minResTime" : 484.0,
    "maxResTime" : 1621.0,
    "pct1ResTime" : 757.5999999999999,
    "pct2ResTime" : 809.9499999999999,
    "pct3ResTime" : 1043.98,
    "throughput" : 1.002259091993353,
    "receivedKBytesPerSec" : 215.98734817810595,
    "sentKBytesPerSec" : 0.15758175176848618
  },
  "Total" : {
    "transaction" : "Total",
    "sampleCount" : 9000,
    "errorCount" : 0,
    "errorPct" : 0.0,
    "meanResTime" : 705.1811111111119,
    "medianResTime" : 665.0,
    "minResTime" : 458.0,
    "maxResTime" : 2820.0,
    "pct1ResTime" : 957.0,
    "pct2ResTime" : 1094.0,
    "pct3ResTime" : 1330.9799999999996,
    "throughput" : 8.955446652901813,
    "receivedKBytesPerSec" : 1608.474356677094,
    "sentKBytesPerSec" : 1.3584759571133609
  },
  "Watches" : {
    "transaction" : "Watches",
    "sampleCount" : 1000,
    "errorCount" : 0,
    "errorPct" : 0.0,
    "meanResTime" : 560.9350000000009,
    "medianResTime" : 530.5,
    "minResTime" : 458.0,
    "maxResTime" : 1543.0,
    "pct1ResTime" : 695.0,
    "pct2ResTime" : 723.0,
    "pct3ResTime" : 846.99,
    "throughput" : 1.0023374509355818,
    "receivedKBytesPerSec" : 115.92474275009322,
    "sentKBytesPerSec" : 0.15074215570710897
  },
  "Men Pants" : {
    "transaction" : "Men Pants",
    "sampleCount" : 1000,
    "errorCount" : 0,
    "errorPct" : 0.0,
    "meanResTime" : 662.2569999999995,
    "medianResTime" : 659.0,
    "minResTime" : 492.0,
    "maxResTime" : 1264.0,
    "pct1ResTime" : 749.9,
    "pct2ResTime" : 793.9499999999999,
    "pct3ResTime" : 969.8200000000002,
    "throughput" : 1.0021496109154138,
    "receivedKBytesPerSec" : 212.9837104103928,
    "sentKBytesPerSec" : 0.15364989151730463
  },
  "Tops Men" : {
    "transaction" : "Tops Men",
    "sampleCount" : 1000,
    "errorCount" : 0,
    "errorPct" : 0.0,
    "meanResTime" : 666.8109999999991,
    "medianResTime" : 662.0,
    "minResTime" : 485.0,
    "maxResTime" : 1472.0,
    "pct1ResTime" : 753.0,
    "pct2ResTime" : 800.8999999999999,
    "pct3ResTime" : 1017.7100000000003,
    "throughput" : 1.0022641146349602,
    "receivedKBytesPerSec" : 211.73387126832014,
    "sentKBytesPerSec" : 0.15073112661502333
  }
}