{
  "Homepage" : {
    "transaction" : "Homepage",
    "sampleCount" : 300,
    "errorCount" : 7,
    "errorPct" : 2.3333333,
    "meanResTime" : 20260.28666666667,
    "medianResTime" : 2567.5,
    "minResTime" : 829.0,
    "maxResTime" : 100694.0,
    "pct1ResTime" : 77301.80000000005,
    "pct2ResTime" : 90976.89999999998,
    "pct3ResTime" : 100546.9,
    "throughput" : 2.21593553104895,
    "receivedKBytesPerSec" : 209.62209123837556,
    "sentKBytesPerSec" : 0.2964679372594786
  },
  "Yoga Page" : {
    "transaction" : "Yoga Page",
    "sampleCount" : 300,
    "errorCount" : 51,
    "errorPct" : 17.0,
    "meanResTime" : 8905.506666666668,
    "medianResTime" : 1523.5,
    "minResTime" : 384.0,
    "maxResTime" : 100143.0,
    "pct1ResTime" : 26700.600000000013,
    "pct2ResTime" : 44317.19999999999,
    "pct3ResTime" : 96714.54000000001,
    "throughput" : 2.2390566108146435,
    "receivedKBytesPerSec" : 468.3165399228458,
    "sentKBytesPerSec" : 0.35422575288278535
  },
  "Tops Women" : {
    "transaction" : "Tops Women",
    "sampleCount" : 300,
    "errorCount" : 97,
    "errorPct" : 32.333332,
    "meanResTime" : 6038.519999999999,
    "medianResTime" : 1046.0,
    "minResTime" : 371.0,
    "maxResTime" : 100178.0,
    "pct1ResTime" : 17914.70000000007,
    "pct2ResTime" : 30080.6,
    "pct3ResTime" : 100146.96,
    "throughput" : 2.2460469573550554,
    "receivedKBytesPerSec" : 355.59756868926314,
    "sentKBytesPerSec" : 0.3465580266231432
  },
  "Fitness Equipment" : {
    "transaction" : "Fitness Equipment",
    "sampleCount" : 300,
    "errorCount" : 128,
    "errorPct" : 42.666668,
    "meanResTime" : 3680.776666666667,
    "medianResTime" : 896.5,
    "minResTime" : 366.0,
    "maxResTime" : 100166.0,
    "pct1ResTime" : 3796.3000000000147,
    "pct2ResTime" : 12364.949999999995,
    "pct3ResTime" : 97287.83000000002,
    "throughput" : 2.254808378867936,
    "receivedKBytesPerSec" : 174.32103403868123,
    "sentKBytesPerSec" : 0.3611216544280678
  },
  "Bags" : {
    "transaction" : "Bags",
    "sampleCount" : 300,
    "errorCount" : 145,
    "errorPct" : 48.333332,
    "meanResTime" : 2541.5400000000013,
    "medianResTime" : 945.0,
    "minResTime" : 361.0,
    "maxResTime" : 84808.0,
    "pct1ResTime" : 3122.1000000000017,
    "pct2ResTime" : 8499.3,
    "pct3ResTime" : 46001.880000000034,
    "throughput" : 2.266374556168316,
    "receivedKBytesPerSec" : 173.3649863427325,
    "sentKBytesPerSec" : 0.3342017167787263
  },
  "Women Bottoms" : {
    "transaction" : "Women Bottoms",
    "sampleCount" : 300,
    "errorCount" : 148,
    "errorPct" : 49.333332,
    "meanResTime" : 1703.616666666666,
    "medianResTime" : 969.0,
    "minResTime" : 361.0,
    "maxResTime" : 62418.0,
    "pct1ResTime" : 2297.800000000001,
    "pct2ResTime" : 4482.699999999998,
    "pct3ResTime" : 24819.93,
    "throughput" : 2.294455066921606,
    "receivedKBytesPerSec" : 252.5288001912046,
    "sentKBytesPerSec" : 0.3607492829827916
  },
  "Total" : {
    "transaction" : "Total",
    "sampleCount" : 2700,
    "errorCount" : 988,
    "errorPct" : 36.592594,
    "meanResTime" : 5713.31407407408,
    "medianResTime" : 1092.5,
    "minResTime" : 359.0,
    "maxResTime" : 100694.0,
    "pct1ResTime" : 12879.000000000004,
    "pct2ResTime" : 31356.79999999999,
    "pct3ResTime" : 95411.60999999933,
    "throughput" : 19.44166420645607,
    "receivedKBytesPerSec" : 2209.0468881636266,
    "sentKBytesPerSec" : 2.949158697984547
  },
  "Watches" : {
    "transaction" : "Watches",
    "sampleCount" : 300,
    "errorCount" : 137,
    "errorPct" : 45.666668,
    "meanResTime" : 3291.073333333333,
    "medianResTime" : 962.5,
    "minResTime" : 366.0,
    "maxResTime" : 96945.0,
    "pct1ResTime" : 3075.4000000000065,
    "pct2ResTime" : 17998.999999999967,
    "pct3ResTime" : 59139.57000000001,
    "throughput" : 2.2584409229495237,
    "receivedKBytesPerSec" : 143.74705932171491,
    "sentKBytesPerSec" : 0.33964834192795573
  },
  "Men Pants" : {
    "transaction" : "Men Pants",
    "sampleCount" : 300,
    "errorCount" : 120,
    "errorPct" : 40.0,
    "meanResTime" : 3377.2100000000014,
    "medianResTime" : 985.5,
    "minResTime" : 359.0,
    "maxResTime" : 100159.0,
    "pct1ResTime" : 6118.4000000000115,
    "pct2ResTime" : 16925.79999999996,
    "pct3ResTime" : 71074.83000000022,
    "throughput" : 2.24943201841535,
    "receivedKBytesPerSec" : 292.43580595509013,
    "sentKBytesPerSec" : 0.34488362001094724
  },
  "Tops Men" : {
    "transaction" : "Tops Men",
    "sampleCount" : 300,
    "errorCount" : 155,
    "errorPct" : 51.666668,
    "meanResTime" : 1621.2966666666673,
    "medianResTime" : 883.5,
    "minResTime" : 362.0,
    "maxResTime" : 39456.0,
    "pct1ResTime" : 2471.800000000002,
    "pct2ResTime" : 4860.54999999999,
    "pct3ResTime" : 19484.270000000004,
    "throughput" : 2.3075858037321355,
    "receivedKBytesPerSec" : 237.73563966518853,
    "sentKBytesPerSec" : 0.3470392712644032
  }
}