{
  "Academic Structure-1" : {
    "transaction" : "Academic Structure-1",
    "sampleCount" : 10,
    "errorCount" : 0,
    "errorPct" : 0.0,
    "meanResTime" : 1020.8,
    "medianResTime" : 956.0,
    "minResTime" : 811.0,
    "maxResTime" : 1558.0,
    "pct1ResTime" : 1514.0000000000002,
    "pct2ResTime" : 1558.0,
    "pct3ResTime" : 1558.0,
    "throughput" : 0.22180326050792945,
    "receivedKBytesPerSec" : 0.3082285543972496,
    "sentKBytesPerSec" : 0.030324664522568483
  },
  "Academic Structure-2" : {
    "transaction" : "Academic Structure-2",
    "sampleCount" : 10,
    "errorCount" : 0,
    "errorPct" : 0.0,
    "meanResTime" : 657.5,
    "medianResTime" : 618.0,
    "minResTime" : 560.0,
    "maxResTime" : 789.0,
    "pct1ResTime" : 787.1,
    "pct2ResTime" : 789.0,
    "pct3ResTime" : 789.0,
    "throughput" : 0.22578969947391,
    "receivedKBytesPerSec" : 3.109900313847682,
    "sentKBytesPerSec" : 0.026239232653706337
  },
  "Homepage" : {
    "transaction" : "Homepage",
    "sampleCount" : 10,
    "errorCount" : 0,
    "errorPct" : 0.0,
    "meanResTime" : 1224.8999999999999,
    "medianResTime" : 1230.5,
    "minResTime" : 944.0,
    "maxResTime" : 1436.0,
    "pct1ResTime" : 1427.0,
    "pct2ResTime" : 1436.0,
    "pct3ResTime" : 1436.0,
    "throughput" : 0.21995908760970462,
    "receivedKBytesPerSec" : 3.568836196467457,
    "sentKBytesPerSec" : 0.07969220849921914
  },
  "Academic Structure-0" : {
    "transaction" : "Academic Structure-0",
    "sampleCount" : 10,
    "errorCount" : 0,
    "errorPct" : 0.0,
    "meanResTime" : 661.3,
    "medianResTime" : 591.0,
    "minResTime" : 520.0,
    "maxResTime" : 1250.0,
    "pct1ResTime" : 1196.8000000000002,
    "pct2ResTime" : 1250.0,
    "pct3ResTime" : 1250.0,
    "throughput" : 0.22033711578715434,
    "receivedKBytesPerSec" : 0.24994491572105323,
    "sentKBytesPerSec" : 0.03012421504902501
  },
  "CA Results-1" : {
    "transaction" : "CA Results-1",
    "sampleCount" : 10,
    "errorCount" : 0,
    "errorPct" : 0.0,
    "meanResTime" : 358.0,
    "medianResTime" : 346.0,
    "minResTime" : 315.0,
    "maxResTime" : 442.0,
    "pct1ResTime" : 438.8,
    "pct2ResTime" : 442.0,
    "pct3ResTime" : 442.0,
    "throughput" : 0.22839915035516067,
    "receivedKBytesPerSec" : 0.3169038211177854,
    "sentKBytesPerSec" : 0.02944207797546993
  },
  "CA Results-2" : {
    "transaction" : "CA Results-2",
    "sampleCount" : 10,
    "errorCount" : 0,
    "errorPct" : 0.0,
    "meanResTime" : 524.3,
    "medianResTime" : 553.5,
    "minResTime" : 335.0,
    "maxResTime" : 669.0,
    "pct1ResTime" : 668.6,
    "pct2ResTime" : 669.0,
    "pct3ResTime" : 669.0,
    "throughput" : 0.22726756210086135,
    "receivedKBytesPerSec" : 3.1299448450035228,
    "sentKBytesPerSec" : 0.026410976455080566
  },
  "Final Results-1" : {
    "transaction" : "Final Results-1",
    "sampleCount" : 10,
    "errorCount" : 0,
    "errorPct" : 0.0,
    "meanResTime" : 362.4,
    "medianResTime" : 357.0,
    "minResTime" : 316.0,
    "maxResTime" : 409.0,
    "pct1ResTime" : 408.7,
    "pct2ResTime" : 409.0,
    "pct3ResTime" : 409.0,
    "throughput" : 0.2276452376616281,
    "receivedKBytesPerSec" : 0.3159466911764706,
    "sentKBytesPerSec" : 0.02978951352212712
  },
  "CA Results-0" : {
    "transaction" : "CA Results-0",
    "sampleCount" : 10,
    "errorCount" : 0,
    "errorPct" : 0.0,
    "meanResTime" : 345.1,
    "medianResTime" : 339.0,
    "minResTime" : 304.0,
    "maxResTime" : 398.0,
    "pct1ResTime" : 398.0,
    "pct2ResTime" : 398.0,
    "pct3ResTime" : 398.0,
    "throughput" : 0.2280917841339355,
    "receivedKBytesPerSec" : 0.2494308397199033,
    "sentKBytesPerSec" : 0.029402456548515123
  },
  "Final Results-2" : {
    "transaction" : "Final Results-2",
    "sampleCount" : 10,
    "errorCount" : 0,
    "errorPct" : 0.0,
    "meanResTime" : 556.8,
    "medianResTime" : 596.0,
    "minResTime" : 373.0,
    "maxResTime" : 726.0,
    "pct1ResTime" : 720.9,
    "pct2ResTime" : 726.0,
    "pct3ResTime" : 726.0,
    "throughput" : 0.22581519284617468,
    "receivedKBytesPerSec" : 3.1095898772694426,
    "sentKBytesPerSec" : 0.026242195262397256
  },
  "Login" : {
    "transaction" : "Login",
    "sampleCount" : 10,
    "errorCount" : 0,
    "errorPct" : 0.0,
    "meanResTime" : 888.8000000000001,
    "medianResTime" : 971.0,
    "minResTime" : 616.0,
    "maxResTime" : 1024.0,
    "pct1ResTime" : 1024.0,
    "pct2ResTime" : 1024.0,
    "pct3ResTime" : 1024.0,
    "throughput" : 0.22298035543068656,
    "receivedKBytesPerSec" : 3.293925039579013,
    "sentKBytesPerSec" : 0.0496479697638638
  },
  "Login-0" : {
    "transaction" : "Login-0",
    "sampleCount" : 10,
    "errorCount" : 0,
    "errorPct" : 0.0,
    "meanResTime" : 334.1,
    "medianResTime" : 319.0,
    "minResTime" : 281.0,
    "maxResTime" : 408.0,
    "pct1ResTime" : 405.1,
    "pct2ResTime" : 408.0,
    "pct3ResTime" : 408.0,
    "throughput" : 0.22644414755100653,
    "receivedKBytesPerSec" : 0.22675373915898642,
    "sentKBytesPerSec" : 0.025209602364076898
  },
  "Login-1" : {
    "transaction" : "Login-1",
    "sampleCount" : 10,
    "errorCount" : 0,
    "errorPct" : 0.0,
    "meanResTime" : 554.3,
    "medianResTime" : 617.0,
    "minResTime" : 334.0,
    "maxResTime" : 713.0,
    "pct1ResTime" : 712.7,
    "pct2ResTime" : 713.0,
    "pct3ResTime" : 713.0,
    "throughput" : 0.22488587042076144,
    "receivedKBytesPerSec" : 3.0968804815930917,
    "sentKBytesPerSec" : 0.025036122292936336
  },
  "Academic Structure" : {
    "transaction" : "Academic Structure",
    "sampleCount" : 10,
    "errorCount" : 0,
    "errorPct" : 0.0,
    "meanResTime" : 2342.0,
    "medianResTime" : 2196.5,
    "minResTime" : 1974.0,
    "maxResTime" : 3584.0,
    "pct1ResTime" : 3488.4000000000005,
    "pct2ResTime" : 3584.0,
    "pct3ResTime" : 3584.0,
    "throughput" : 0.212300702715326,
    "receivedKBytesPerSec" : 3.4599624095068253,
    "sentKBytesPerSec" : 0.08272263709317877
  },
  "Final Results-0" : {
    "transaction" : "Final Results-0",
    "sampleCount" : 10,
    "errorCount" : 0,
    "errorPct" : 0.0,
    "meanResTime" : 342.29999999999995,
    "medianResTime" : 329.5,
    "minResTime" : 300.0,
    "maxResTime" : 410.0,
    "pct1ResTime" : 408.8,
    "pct2ResTime" : 410.0,
    "pct3ResTime" : 410.0,
    "throughput" : 0.22756235208447115,
    "receivedKBytesPerSec" : 0.2509408280993992,
    "sentKBytesPerSec" : 0.02977866716730384
  },
  "CA Results" : {
    "transaction" : "CA Results",
    "sampleCount" : 10,
    "errorCount" : 0,
    "errorPct" : 0.0,
    "meanResTime" : 1228.2,
    "medianResTime" : 1230.5,
    "minResTime" : 1001.0,
    "maxResTime" : 1349.0,
    "pct1ResTime" : 1347.4,
    "pct2ResTime" : 1349.0,
    "pct3ResTime" : 1349.0,
    "throughput" : 0.22300521832210873,
    "receivedKBytesPerSec" : 3.6245316890415236,
    "sentKBytesPerSec" : 0.0834091783372731
  },
  "Total" : {
    "transaction" : "Total",
    "sampleCount" : 190,
    "errorCount" : 0,
    "errorPct" : 0.0,
    "meanResTime" : 730.9631578947368,
    "medianResTime" : 582.0,
    "minResTime" : 281.0,
    "maxResTime" : 3584.0,
    "pct1ResTime" : 1329.9,
    "pct2ResTime" : 1985.6999999999998,
    "pct3ResTime" : 2714.040000000003,
    "throughput" : 3.630873894016702,
    "receivedKBytesPerSec" : 30.50277451317625,
    "sentKBytesPerSec" : 0.6598874429092855
  },
  "Homepage-2" : {
    "transaction" : "Homepage-2",
    "sampleCount" : 10,
    "errorCount" : 0,
    "errorPct" : 0.0,
    "meanResTime" : 523.1999999999999,
    "medianResTime" : 591.5,
    "minResTime" : 346.0,
    "maxResTime" : 704.0,
    "pct1ResTime" : 696.5,
    "pct2ResTime" : 704.0,
    "pct3ResTime" : 704.0,
    "throughput" : 0.2243863034600368,
    "receivedKBytesPerSec" : 3.090789853812323,
    "sentKBytesPerSec" : 0.026076142687250368
  },
  "Final Results" : {
    "transaction" : "Final Results",
    "sampleCount" : 10,
    "errorCount" : 0,
    "errorPct" : 0.0,