{
  "Homepage" : {
    "transaction" : "Homepage",
    "sampleCount" : 650,
    "errorCount" : 0,
    "errorPct" : 0.0,
    "meanResTime" : 1112.2092307692308,
    "medianResTime" : 1078.5,
    "minResTime" : 760.0,
    "maxResTime" : 3831.0,
    "pct1ResTime" : 1315.9,
    "pct2ResTime" : 1419.5499999999988,
    "pct3ResTime" : 1803.410000000001,
    "throughput" : 0.9998507914972689,
    "receivedKBytesPerSec" : 96.81645344848538,
    "sentKBytesPerSec" : 0.1337691000343026
  },
  "Yoga Page" : {
    "transaction" : "Yoga Page",
    "sampleCount" : 650,
    "errorCount" : 0,
    "errorPct" : 0.0,
    "meanResTime" : 886.3215384615385,
    "medianResTime" : 881.0,
    "minResTime" : 618.0,
    "maxResTime" : 1845.0,
    "pct1ResTime" : 998.0,
    "pct2ResTime" : 1044.8999999999999,
    "pct3ResTime" : 1212.47,
    "throughput" : 1.0042502962538373,
    "receivedKBytesPerSec" : 252.7058631029171,
    "sentKBytesPerSec" : 0.15887553514953287
  },
  "Tops Women" : {
    "transaction" : "Tops Women",
    "sampleCount" : 650,
    "errorCount" : 0,
    "errorPct" : 0.0,
    "meanResTime" : 700.8369230769234,
    "medianResTime" : 694.0,
    "minResTime" : 498.0,
    "maxResTime" : 1654.0,
    "pct1ResTime" : 802.0,
    "pct2ResTime" : 838.2499999999997,
    "pct3ResTime" : 946.96,
    "throughput" : 1.0047097702615184,
    "receivedKBytesPerSec" : 234.24191369243593,
    "sentKBytesPerSec" : 0.15502357783332021
  },
  "Fitness Equipment" : {
    "transaction" : "Fitness Equipment",
    "sampleCount" : 650,
    "errorCount" : 0,
    "errorPct" : 0.0,
    "meanResTime" : 579.0307692307695,
    "medianResTime" : 557.0,
    "minResTime" : 457.0,
    "maxResTime" : 1072.0,
    "pct1ResTime" : 698.8,
    "pct2ResTime" : 731.4499999999999,
    "pct3ResTime" : 882.96,
    "throughput" : 1.0052815948405855,
    "receivedKBytesPerSec" : 134.23811345134436,
    "sentKBytesPerSec" : 0.16100213042368752
  },
  "Bags" : {
    "transaction" : "Bags",
    "sampleCount" : 650,
    "errorCount" : 0,
    "errorPct" : 0.0,
    "meanResTime" : 625.7784615384616,
    "medianResTime" : 626.0,
    "minResTime" : 464.0,
    "maxResTime" : 1731.0,
    "pct1ResTime" : 731.9,
    "pct2ResTime" : 780.4499999999999,
    "pct3ResTime" : 927.6800000000003,
    "throughput" : 1.0055428616512252,
    "receivedKBytesPerSec" : 147.20705454547914,
    "sentKBytesPerSec" : 0.14827829307552245
  },
  "Women Bottoms" : {
    "transaction" : "Women Bottoms",
    "sampleCount" : 650,
    "errorCount" : 0,
    "errorPct" : 0.0,
    "meanResTime" : 686.650769230769,
    "medianResTime" : 681.0,
    "minResTime" : 486.0,
    "maxResTime" : 1926.0,
    "pct1ResTime" : 776.0,
    "pct2ResTime" : 812.8999999999999,
    "pct3ResTime" : 1046.2500000000002,
    "throughput" : 1.0052784853391732,
    "receivedKBytesPerSec" : 216.6381282966368,
    "sentKBytesPerSec" : 0.15805648060508484
  },
  "Total" : {
    "transaction" : "Total",
    "sampleCount" : 5850,
    "errorCount" : 0,
    "errorPct" : 0.0,
    "meanResTime" : 724.4547008546999,
    "medianResTime" : 679.0,
    "minResTime" : 449.0,
    "maxResTime" : 3831.0,
    "pct1ResTime" : 996.0,
    "pct2ResTime" : 1119.0,
    "pct3ResTime" : 1378.0,
    "throughput" : 8.920307346521156,
    "receivedKBytesPerSec" : 1602.1639685198923,
    "sentKBytesPerSec" : 1.3531455805595243
  },
  "Watches" : {
    "transaction" : "Watches",
    "sampleCount" : 650,
    "errorCount" : 0,
    "errorPct" : 0.0,
    "meanResTime" : 571.6723076923082,
    "medianResTime" : 548.0,
    "minResTime" : 449.0,
    "maxResTime" : 1419.0,
    "pct1ResTime" : 703.9,
    "pct2ResTime" : 746.4499999999999,
    "pct3ResTime" : 849.2100000000003,
    "throughput" : 1.0057995952043475,
    "receivedKBytesPerSec" : 116.32493466896429,
    "sentKBytesPerSec" : 0.15126282974752883
  },
  "Men Pants" : {
    "transaction" : "Men Pants",
    "sampleCount" : 650,
    "errorCount" : 0,
    "errorPct" : 0.0,
    "meanResTime" : 678.7200000000004,
    "medianResTime" : 667.0,
    "minResTime" : 482.0,
    "maxResTime" : 2040.0,
    "pct1ResTime" : 771.8,
    "pct2ResTime" : 815.4499999999999,
    "pct3ResTime" : 1003.2900000000002,
    "throughput" : 1.0047082172766533,
    "receivedKBytesPerSec" : 213.52754449843036,
    "sentKBytesPerSec" : 0.1540421778441744
  },
  "Tops Men" : {
    "transaction" : "Tops Men",
    "sampleCount" : 650,
    "errorCount" : 0,
    "errorPct" : 0.0,
    "meanResTime" : 678.8723076923076,
    "medianResTime" : 676.0,
    "minResTime" : 473.0,
    "maxResTime" : 1282.0,
    "pct1ResTime" : 766.9,
    "pct2ResTime" : 800.299999999999,
    "pct3ResTime" : 959.5800000000004,
    "throughput" : 1.0053733337870403,
    "receivedKBytesPerSec" : 212.39133841630112,
    "sentKBytesPerSec" : 0.15119872402656662
  }
}