{
  "Academic Structure-1" : {
    "transaction" : "Academic Structure-1",
    "sampleCount" : 419,
    "errorCount" : 1,
    "errorPct" : 0.23866348,
    "meanResTime" : 1033.1169451073981,
    "medianResTime" : 904.0,
    "minResTime" : 846.0,
    "maxResTime" : 42905.0,
    "pct1ResTime" : 978.0,
    "pct2ResTime" : 1043.0,
    "pct3ResTime" : 1754.8,
    "throughput" : 0.9092250538157073,
    "receivedKBytesPerSec" : 1.2676312388516857,
    "sentKBytesPerSec" : 0.12401143475279494
  },
  "Academic Structure-2" : {
    "transaction" : "Academic Structure-2",
    "sampleCount" : 418,
    "errorCount" : 1,
    "errorPct" : 0.23923445,
    "meanResTime" : 16709.787081339713,
    "medianResTime" : 612.0,
    "minResTime" : 570.0,
    "maxResTime" : 6720490.0,
    "pct1ResTime" : 655.1,
    "pct2ResTime" : 682.3999999999996,
    "pct3ResTime" : 1576.77,
    "throughput" : 0.05856672922191158,
    "receivedKBytesPerSec" : 0.8051108193205194,
    "sentKBytesPerSec" : 0.0067898119864377385
  },
  "Homepage" : {
    "transaction" : "Homepage",
    "sampleCount" : 550,
    "errorCount" : 139,
    "errorPct" : 25.272728,
    "meanResTime" : 14307.48,
    "medianResTime" : 1346.0,
    "minResTime" : 0.0,
    "maxResTime" : 6721084.0,
    "pct1ResTime" : 3323.9,
    "pct2ResTime" : 3344.45,
    "pct3ResTime" : 20732.81000000001,
    "throughput" : 0.07710716353588218,
    "receivedKBytesPerSec" : 0.9856828316869786,
    "sentKBytesPerSec" : 0.020945027367785748
  },
  "Academic Structure-0" : {
    "transaction" : "Academic Structure-0",
    "sampleCount" : 419,
    "errorCount" : 0,
    "errorPct" : 0.0,
    "meanResTime" : 639.2720763723149,
    "medianResTime" : 610.0,
    "minResTime" : 571.0,
    "maxResTime" : 1745.0,
    "pct1ResTime" : 665.0,
    "pct2ResTime" : 711.0,
    "pct3ResTime" : 1388.6000000000006,
    "throughput" : 1.0008503645101805,
    "receivedKBytesPerSec" : 1.134956139643707,
    "sentKBytesPerSec" : 0.13683501077287624
  },
  "CA Results-1" : {
    "transaction" : "CA Results-1",
    "sampleCount" : 417,
    "errorCount" : 0,
    "errorPct" : 0.0,
    "meanResTime" : 384.5995203836928,
    "medianResTime" : 360.0,
    "minResTime" : 330.0,
    "maxResTime" : 1469.0,
    "pct1ResTime" : 398.2,
    "pct2ResTime" : 440.49999999999983,
    "pct3ResTime" : 1163.2399999999998,
    "throughput" : 1.0026834405747758,
    "receivedKBytesPerSec" : 1.390383571500707,
    "sentKBytesPerSec" : 0.12925216226159217
  },
  "CA Results-2" : {
    "transaction" : "CA Results-2",
    "sampleCount" : 417,
    "errorCount" : 1,
    "errorPct" : 0.23980816,
    "meanResTime" : 16742.275779376498,
    "medianResTime" : 609.0,
    "minResTime" : 571.0,
    "maxResTime" : 6720355.0,
    "pct1ResTime" : 647.8,
    "pct2ResTime" : 681.1999999999996,
    "pct3ResTime" : 1411.56,
    "throughput" : 0.05843699126009632,
    "receivedKBytesPerSec" : 0.8033244267429254,
    "sentKBytesPerSec" : 0.0067747321252524745
  },
  "Final Results-1" : {
    "transaction" : "Final Results-1",
    "sampleCount" : 416,
    "errorCount" : 1,
    "errorPct" : 0.24038461,
    "meanResTime" : 474.04567307692326,
    "medianResTime" : 360.0,
    "minResTime" : 333.0,
    "maxResTime" : 37362.0,
    "pct1ResTime" : 403.0,
    "pct2ResTime" : 417.5999999999999,
    "pct3ResTime" : 1272.3299999999992,
    "throughput" : 0.9200099962624594,
    "receivedKBytesPerSec" : 1.281317539045136,
    "sentKBytesPerSec" : 0.12010252941931004
  },
  "CA Results-0" : {
    "transaction" : "CA Results-0",
    "sampleCount" : 417,
    "errorCount" : 0,
    "errorPct" : 0.0,
    "meanResTime" : 366.297362110312,
    "medianResTime" : 354.0,
    "minResTime" : 325.0,
    "maxResTime" : 1105.0,
    "pct1ResTime" : 384.0,
    "pct2ResTime" : 412.09999999999997,
    "pct3ResTime" : 1072.6399999999999,
    "throughput" : 1.0027461296884994,
    "receivedKBytesPerSec" : 1.0967183547328656,
    "sentKBytesPerSec" : 0.12926024328015812
  },
  "Final Results-2" : {
    "transaction" : "Final Results-2",
    "sampleCount" : 415,
    "errorCount" : 1,
    "errorPct" : 0.24096386,
    "meanResTime" : 16821.70843373494,
    "medianResTime" : 611.0,
    "minResTime" : 567.0,
    "maxResTime" : 6720495.0,
    "pct1ResTime" : 647.4000000000001,
    "pct2ResTime" : 678.4,
    "pct3ResTime" : 1394.8799999999999,
    "throughput" : 0.05816773865837723,
    "receivedKBytesPerSec" : 0.799633940083585,
    "sentKBytesPerSec" : 0.006743438941885383
  },
  "Login" : {
    "transaction" : "Login",
    "sampleCount" : 550,
    "errorCount" : 137,
    "errorPct" : 24.90909,
    "meanResTime" : 13960.901818181821,
    "medianResTime" : 974.5,
    "minResTime" : 0.0,
    "maxResTime" : 6720917.0,
    "pct1ResTime" : 3322.9,
    "pct2ResTime" : 3339.45,
    "pct3ResTime" : 5089.870000000026,
    "throughput" : 0.07709687376382172,
    "receivedKBytesPerSec" : 0.9046053265599291,
    "sentKBytesPerSec" : 0.012905786691593722
  },
  "Login-0" : {
    "transaction" : "Login-0",
    "sampleCount" : 414,
    "errorCount" : 0,
    "errorPct" : 0.0,
    "meanResTime" : 369.3091787439617,
    "medianResTime" : 352.0,
    "minResTime" : 321.0,
    "maxResTime" : 1204.0,
    "pct1ResTime" : 389.0,
    "pct2ResTime" : 408.0,
    "pct3ResTime" : 1083.9500000000003,
    "throughput" : 1.0015337497520358,
    "receivedKBytesPerSec" : 1.002554334415506,
    "sentKBytesPerSec" : 0.11149887448411336
  },
  "Login-1" : {
    "transaction" : "Login-1",
    "sampleCount" : 414,
    "errorCount" : 1,
    "errorPct" : 0.2415459,
    "meanResTime" : 16866.599033816427,
    "medianResTime" : 610.0,
    "minResTime" : 571.0,
    "maxResTime" : 6720514.0,
    "pct1ResTime" : 657.0,
    "pct2ResTime" : 717.5,
    "pct3ResTime" : 1455.2500000000014,
    "throughput" : 0.05803581566815625,
    "receivedKBytesPerSec" : 0.7977958805014519,
    "sentKBytesPerSec" : 0.006445412216202759
  },
  "Academic Structure" : {
    "transaction" : "Academic Structure",
    "sampleCount" : 550,
    "errorCount" : 133,
    "errorPct" : 24.181818,
    "meanResTime" : 19966.95272727273,
    "medianResTime" : 2167.0,
    "minResTime" : 2015.0,
    "maxResTime" : 6722526.0,
    "pct1ResTime" : 48003.200000000004,
    "pct2ResTime" : 50642.7,
    "pct3ResTime" : 60845.580000000045,
    "throughput" : 0.07703841905958501,
    "receivedKBytesPerSec" : 1.0039494391165373,
    "sentKBytesPerSec" : 0.022816476232947372
  },
  "Final Results-0" : {
    "transaction" : "Final Results-0",
    "sampleCount" : 416,
    "errorCount" : 0,
    "errorPct" : 0.0,
    "meanResTime" : 362.87980769230796,
    "medianResTime" : 354.0,
    "minResTime" : 320.0,
    "maxResTime" : 1156.0,
    "pct1ResTime" : 382.3,
    "pct2ResTime" : 404.29999999999995,
    "pct3ResTime" : 985.539999999993,
    "throughput" : 1.0019895272825368,
    "receivedKBytesPerSec" : 1.105861638734603,
    "sentKBytesPerSec" : 0.13111972329673824
  },
  "CA Results" : {
    "transaction" : "CA Results",
    "sampleCount" : 550,
    "errorCount" : 134,
    "errorPct" : 24.363636,
    "meanResTime" : 14837.476363636366,
    "medianResTime" : 1342.0,
    "minResTime" : 1.0,
    "maxResTime" : 6721090.0,
    "pct1ResTime" : 3317.0,
    "pct2ResTime" : 3341.2499999999995,
    "pct3ResTime" : 51849.370000000024,
    "throughput" : 0.07706780271146949,
    "receivedKBytesPerSec" : 0.9964386585217442,
    "sentKBytesPerSec" : 0.02183843176549865
  },
  "Total" : {
    "transaction" : "Total",
    "sampleCount" : 8571,
    "errorCount" : 687,
    "errorPct" : 8.015401,
    "meanResTime" : 9254.518025901289,
    "medianResTime" : 613.0,
    "minResTime" : 0.0,
    "maxResTime" : 6722526.0,
    "pct1ResTime" : 2158.0,
    "pct2ResTime" : 3309.0,
    "pct3ResTime" : 32343.000000000524,
    "throughput" : 1.2005380360172615,
    "receivedKBytesPerSec" : 9.518034438675281,
    "sentKBytesPerSec" : 0.20087920659297223
  },
  "Homepage-2" : {
    "transaction" : "Homepage-2",
    "sampleCount" : 413,
    "errorCount" : 2,