{
  "ub-exchange student" : {
    "transaction" : "ub-exchange student",
    "sampleCount" : 50,
    "errorCount" : 0,
    "errorPct" : 0.0,
    "meanResTime" : 1233.4199999999998,
    "medianResTime" : 933.5,
    "minResTime" : 306.0,
    "maxResTime" : 4770.0,
    "pct1ResTime" : 2376.9999999999995,
    "pct2ResTime" : 3642.3499999999935,
    "pct3ResTime" : 4770.0,
    "throughput" : 1.0755001075500108,
    "receivedKBytesPerSec" : 91.62826094993547,
    "sentKBytesPerSec" : 0.17644923639492363
  },
  "ub-transportation" : {
    "transaction" : "ub-transportation",
    "sampleCount" : 50,
    "errorCount" : 0,
    "errorPct" : 0.0,
    "meanResTime" : 1369.8799999999997,
    "medianResTime" : 1023.0,
    "minResTime" : 464.0,
    "maxResTime" : 6118.0,
    "pct1ResTime" : 3051.799999999999,
    "pct2ResTime" : 4963.749999999996,
    "pct3ResTime" : 6118.0,
    "throughput" : 1.0859649884887712,
    "receivedKBytesPerSec" : 86.8033237655293,
    "sentKBytesPerSec" : 0.16862151676729942
  },
  "ub homepage" : {
    "transaction" : "ub homepage",
    "sampleCount" : 50,
    "errorCount" : 0,
    "errorPct" : 0.0,
    "meanResTime" : 6141.600000000002,
    "medianResTime" : 4542.5,
    "minResTime" : 1591.0,
    "maxResTime" : 15018.0,
    "pct1ResTime" : 12731.699999999999,
    "pct2ResTime" : 13612.999999999998,
    "pct3ResTime" : 15018.0,
    "throughput" : 0.9339684318670028,
    "receivedKBytesPerSec" : 141.54838832072477,
    "sentKBytesPerSec" : 0.10671318996917904
  },
  "ub-fee and scholarships" : {
    "transaction" : "ub-fee and scholarships",
    "sampleCount" : 50,
    "errorCount" : 0,
    "errorPct" : 0.0,
    "meanResTime" : 1320.98,
    "medianResTime" : 1014.0,
    "minResTime" : 304.0,
    "maxResTime" : 5844.0,
    "pct1ResTime" : 2827.899999999999,
    "pct2ResTime" : 5053.349999999994,
    "pct3ResTime" : 5844.0,
    "throughput" : 1.111827622245447,
    "receivedKBytesPerSec" : 88.06132962770452,
    "sentKBytesPerSec" : 0.15743652854061507
  },
  "ub-faculties and schools" : {
    "transaction" : "ub-faculties and schools",
    "sampleCount" : 50,
    "errorCount" : 0,
    "errorPct" : 0.0,
    "meanResTime" : 1307.2799999999995,
    "medianResTime" : 937.0,
    "minResTime" : 298.0,
    "maxResTime" : 5747.0,
    "pct1ResTime" : 2826.7999999999993,
    "pct2ResTime" : 5273.399999999998,
    "pct3ResTime" : 5747.0,
    "throughput" : 1.1269891358247306,
    "receivedKBytesPerSec" : 94.05919563263535,
    "sentKBytesPerSec" : 0.1595834225533066
  },
  "ub-finance" : {
    "transaction" : "ub-finance",
    "sampleCount" : 50,
    "errorCount" : 0,
    "errorPct" : 0.0,
    "meanResTime" : 1135.6999999999998,
    "medianResTime" : 941.0,
    "minResTime" : 272.0,
    "maxResTime" : 3006.0,
    "pct1ResTime" : 2311.5999999999995,
    "pct2ResTime" : 2790.6999999999985,
    "pct3ResTime" : 3006.0,
    "throughput" : 1.0606028466580404,
    "receivedKBytesPerSec" : 83.55833166509343,
    "sentKBytesPerSec" : 0.16054046995312135
  },
  "ub-health center" : {
    "transaction" : "ub-health center",
    "sampleCount" : 50,
    "errorCount" : 2,
    "errorPct" : 4.0,
    "meanResTime" : 1283.2600000000002,
    "medianResTime" : 985.0,
    "minResTime" : 1.0,
    "maxResTime" : 5110.0,
    "pct1ResTime" : 2568.7999999999984,
    "pct2ResTime" : 4868.299999999999,
    "pct3ResTime" : 5110.0,
    "throughput" : 1.0927528630125012,
    "receivedKBytesPerSec" : 86.58376087289099,
    "sentKBytesPerSec" : 0.16186401783372673
  },
  "ub-httc application form" : {
    "transaction" : "ub-httc application form",
    "sampleCount" : 50,
    "errorCount" : 0,
    "errorPct" : 0.0,
    "meanResTime" : 1023.2400000000002,
    "medianResTime" : 763.0,
    "minResTime" : 288.0,
    "maxResTime" : 3246.0,
    "pct1ResTime" : 2429.6999999999994,
    "pct2ResTime" : 3153.899999999999,
    "pct3ResTime" : 3246.0,
    "throughput" : 1.2891581797086502,
    "receivedKBytesPerSec" : 79.77235279425037,
    "sentKBytesPerSec" : 0.2303866668815264
  },
  "ub-job opportunities" : {
    "transaction" : "ub-job opportunities",
    "sampleCount" : 50,
    "errorCount" : 5,
    "errorPct" : 10.0,
    "meanResTime" : 1275.8199999999997,
    "medianResTime" : 959.0,
    "minResTime" : 1.0,
    "maxResTime" : 6476.0,
    "pct1ResTime" : 2981.8999999999996,
    "pct2ResTime" : 4134.749999999999,
    "pct3ResTime" : 6476.0,
    "throughput" : 0.9980637563127533,
    "receivedKBytesPerSec" : 81.84814818626863,
    "sentKBytesPerSec" : 0.1350894888915504
  },
  "ub-sports" : {
    "transaction" : "ub-sports",
    "sampleCount" : 50,
    "errorCount" : 1,
    "errorPct" : 2.0,
    "meanResTime" : 1226.06,
    "medianResTime" : 1036.0,
    "minResTime" : 321.0,
    "maxResTime" : 3474.0,
    "pct1ResTime" : 2396.9999999999995,
    "pct2ResTime" : 2828.899999999998,
    "pct3ResTime" : 3474.0,
    "throughput" : 1.0175217240888093,
    "receivedKBytesPerSec" : 81.60021428371557,
    "sentKBytesPerSec" : 0.14899141338855085
  },
  "ub-news" : {
    "transaction" : "ub-news",
    "sampleCount" : 50,
    "errorCount" : 1,
    "errorPct" : 2.0,
    "meanResTime" : 1406.6600000000003,
    "medianResTime" : 1018.0,
    "minResTime" : 357.0,
    "maxResTime" : 4573.0,
    "pct1ResTime" : 2558.7,
    "pct2ResTime" : 3257.0499999999975,
    "pct3ResTime" : 4573.0,
    "throughput" : 1.010407194099222,
    "receivedKBytesPerSec" : 85.93856566383752,
    "sentKBytesPerSec" : 0.13537877639688795
  },
  "ub-FET" : {
    "transaction" : "ub-FET",
    "sampleCount" : 50,
    "errorCount" : 1,
    "errorPct" : 2.0,
    "meanResTime" : 1094.0200000000002,
    "medianResTime" : 952.0,
    "minResTime" : 384.0,
    "maxResTime" : 3899.0,
    "pct1ResTime" : 1680.6999999999998,
    "pct2ResTime" : 3325.4499999999994,
    "pct3ResTime" : 3899.0,
    "throughput" : 1.2672986262482893,
    "receivedKBytesPerSec" : 107.15034636855579,
    "sentKBytesPerSec" : 0.22680190063111472
  },
  "Total" : {
    "transaction" : "Total",
    "sampleCount" : 800,
    "errorCount" : 13,
    "errorPct" : 1.625,
    "meanResTime" : 1630.7162499999977,
    "medianResTime" : 1020.0,
    "minResTime" : 1.0,
    "maxResTime" : 15018.0,
    "pct1ResTime" : 3350.8,
    "pct2ResTime" : 5396.949999999991,
    "pct3ResTime" : 11084.730000000001,
    "throughput" : 12.430853378084405,
    "receivedKBytesPerSec" : 1051.8870982309343,
    "sentKBytesPerSec" : 1.8404855656426753
  },
  "why us" : {
    "transaction" : "why us",
    "sampleCount" : 50,
    "errorCount" : 2,
    "errorPct" : 4.0,
    "meanResTime" : 1789.0000000000005,
    "medianResTime" : 1032.0,
    "minResTime" : 133.0,
    "maxResTime" : 8461.0,
    "pct1ResTime" : 5209.299999999999,
    "pct2ResTime" : 6547.399999999994,
    "pct3ResTime" : 8461.0,
    "throughput" : 0.9975858422617265,
    "receivedKBytesPerSec" : 86.22826120164203,
    "sentKBytesPerSec" : 0.12719219488837014
  },
  "ub-Admission requirements" : {
    "transaction" : "ub-Admission requirements",
    "sampleCount" : 50,
    "errorCount" : 1,
    "errorPct" : 2.0,
    "meanResTime" : 1537.06,
    "medianResTime" : 1049.0,
    "minResTime" : 345.0,
    "maxResTime" : 8181.0,
    "pct1ResTime" : 4742.699999999997,
    "pct2ResTime" : 6156.349999999998,
    "pct3ResTime" : 8181.0,
    "throughput" : 1.121629503342456,
    "receivedKBytesPerSec" : 88.50491431451613,
    "sentKBytesPerSec" : 0.18570416601238277
  },
  "ub-announcements" : {
    "transaction" : "ub-announcements",
    "sampleCount" : 50,
    "errorCount" : 0,
    "errorPct" : 0.0,
    "meanResTime" : 1541.5199999999998,
    "medianResTime" : 1003.5,
    "minResTime" : 279.0,
    "maxResTime" : 10959.0,
    "pct1ResTime" : 2700.7,
    "pct2ResTime" : 5619.999999999998,
    "pct3ResTime" : 10959.0,
    "throughput" : 1.0078410030033662,
    "receivedKBytesPerSec" : 66.57862624342384,
    "sentKBytesPerSec" : 0.13877498185886195
  },
  "ub-library" : {
    "transaction" : "ub-library",
    "sampleCount" : 50,
    "errorCount" : 0,